<annotation verified="yes">
    <folder>Annotation</folder>
    <filename>ok_0_result_jy_HK_1611711946.818881.jpg</filename>
    <path>jy_slide-PascalVOC-export/Annotations/ok_0_result_jy_HK_1611711946.818881.jpg</path>
    <source>
        <database>Unknown</database>
    </source>
    <size>
        <width>260</width>
        <height>160</height>
        <depth>3</depth>
    </size>
    <segmented>0</segmented>
    <object>
    <name>target</name>
    <pose>Unspecified</pose>
    <truncated>0</truncated>
    <difficult>0</difficult>
    <bndbox>
        <xmin>114.20289855072464</xmin>
        <ymin>65.21739130434783</ymin>
        <xmax>165.5072463768116</xmax>
        <ymax>105.5072463768116</ymax>
    </bndbox>
</object>
</annotation>
