<annotation verified="yes">
    <folder>Annotation</folder>
    <filename>ok_0_result_jy_HK_1611711714.9231756.jpg</filename>
    <path>jy_slide-PascalVOC-export/Annotations/ok_0_result_jy_HK_1611711714.9231756.jpg</path>
    <source>
        <database>Unknown</database>
    </source>
    <size>
        <width>260</width>
        <height>160</height>
        <depth>3</depth>
    </size>
    <segmented>0</segmented>
    <object>
    <name>target</name>
    <pose>Unspecified</pose>
    <truncated>0</truncated>
    <difficult>0</difficult>
    <bndbox>
        <xmin>102.31884057971016</xmin>
        <ymin>60</ymin>
        <xmax>144.92753623188406</xmax>
        <ymax>97.97101449275362</ymax>
    </bndbox>
</object>
</annotation>
