<annotation verified="yes">
    <folder>Annotation</folder>
    <filename>ok_19_result_jy_HK_1611711803.298972.jpg</filename>
    <path>jy_slide-PascalVOC-export/Annotations/ok_19_result_jy_HK_1611711803.298972.jpg</path>
    <source>
        <database>Unknown</database>
    </source>
    <size>
        <width>260</width>
        <height>160</height>
        <depth>3</depth>
    </size>
    <segmented>0</segmented>
    <object>
    <name>target</name>
    <pose>Unspecified</pose>
    <truncated>0</truncated>
    <difficult>0</difficult>
    <bndbox>
        <xmin>135.65217391304347</xmin>
        <ymin>69.85507246376812</ymin>
        <xmax>183.18840579710144</xmax>
        <ymax>117.10144927536233</ymax>
    </bndbox>
</object>
</annotation>
