<annotation verified="yes">
    <folder>Annotation</folder>
    <filename>ok_108_result_jy_HK_1611712552.298641.jpg</filename>
    <path>jy_slide-PascalVOC-export/Annotations/ok_108_result_jy_HK_1611712552.298641.jpg</path>
    <source>
        <database>Unknown</database>
    </source>
    <size>
        <width>260</width>
        <height>160</height>
        <depth>3</depth>
    </size>
    <segmented>0</segmented>
    <object>
    <name>target</name>
    <pose>Unspecified</pose>
    <truncated>0</truncated>
    <difficult>0</difficult>
    <bndbox>
        <xmin>166.66666666666669</xmin>
        <ymin>60.869565217391305</ymin>
        <xmax>211.8840579710145</xmax>
        <ymax>104.63768115942028</ymax>
    </bndbox>
</object>
</annotation>
