<annotation verified="yes">
    <folder>Annotation</folder>
    <filename>ok_102_result_jy_HK_1611712507.328957.jpg</filename>
    <path>jy_slide-PascalVOC-export/Annotations/ok_102_result_jy_HK_1611712507.328957.jpg</path>
    <source>
        <database>Unknown</database>
    </source>
    <size>
        <width>260</width>
        <height>160</height>
        <depth>3</depth>
    </size>
    <segmented>0</segmented>
    <object>
    <name>target</name>
    <pose>Unspecified</pose>
    <truncated>0</truncated>
    <difficult>0</difficult>
    <bndbox>
        <xmin>101.73913043478261</xmin>
        <ymin>31.01449275362319</ymin>
        <xmax>141.73913043478262</xmax>
        <ymax>78.55072463768117</ymax>
    </bndbox>
</object>
</annotation>
