<annotation verified="yes">
    <folder>Annotation</folder>
    <filename>ok_148_result_jy_HK_1611712759.207652.jpg</filename>
    <path>jy_slide-PascalVOC-export/Annotations/ok_148_result_jy_HK_1611712759.207652.jpg</path>
    <source>
        <database>Unknown</database>
    </source>
    <size>
        <width>260</width>
        <height>160</height>
        <depth>3</depth>
    </size>
    <segmented>0</segmented>
    <object>
    <name>target</name>
    <pose>Unspecified</pose>
    <truncated>0</truncated>
    <difficult>0</difficult>
    <bndbox>
        <xmin>126.66666666666667</xmin>
        <ymin>48.405797101449274</ymin>
        <xmax>170.14492753623188</xmax>
        <ymax>91.59420289855072</ymax>
    </bndbox>
</object>
</annotation>
