<annotation verified="yes">
    <folder>Annotation</folder>
    <filename>ok_119_result_jy_HK_1611712597.874169.jpg</filename>
    <path>jy_slide-PascalVOC-export/Annotations/ok_119_result_jy_HK_1611712597.874169.jpg</path>
    <source>
        <database>Unknown</database>
    </source>
    <size>
        <width>260</width>
        <height>160</height>
        <depth>3</depth>
    </size>
    <segmented>0</segmented>
    <object>
    <name>target</name>
    <pose>Unspecified</pose>
    <truncated>0</truncated>
    <difficult>0</difficult>
    <bndbox>
        <xmin>178.55072463768116</xmin>
        <ymin>48.11594202898551</ymin>
        <xmax>226.3768115942029</xmax>
        <ymax>91.30434782608697</ymax>
    </bndbox>
</object>
</annotation>
