<annotation verified="yes">
    <folder>Annotation</folder>
    <filename>ok_136_result_jy_HK_1611712709.8286002.jpg</filename>
    <path>jy_slide-PascalVOC-export/Annotations/ok_136_result_jy_HK_1611712709.8286002.jpg</path>
    <source>
        <database>Unknown</database>
    </source>
    <size>
        <width>260</width>
        <height>160</height>
        <depth>3</depth>
    </size>
    <segmented>0</segmented>
    <object>
    <name>target</name>
    <pose>Unspecified</pose>
    <truncated>0</truncated>
    <difficult>0</difficult>
    <bndbox>
        <xmin>191.0144927536232</xmin>
        <ymin>18.55072463768116</ymin>
        <xmax>231.30434782608697</xmax>
        <ymax>64.34782608695653</ymax>
    </bndbox>
</object>
</annotation>
