<annotation verified="yes">
    <folder>Annotation</folder>
    <filename>ok_105_result_jy_HK_1611712519.5490646.jpg</filename>
    <path>jy_slide-PascalVOC-export/Annotations/ok_105_result_jy_HK_1611712519.5490646.jpg</path>
    <source>
        <database>Unknown</database>
    </source>
    <size>
        <width>260</width>
        <height>160</height>
        <depth>3</depth>
    </size>
    <segmented>0</segmented>
    <object>
    <name>target</name>
    <pose>Unspecified</pose>
    <truncated>0</truncated>
    <difficult>0</difficult>
    <bndbox>
        <xmin>151.30434782608697</xmin>
        <ymin>10.144927536231885</ymin>
        <xmax>192.7536231884058</xmax>
        <ymax>56.231884057971016</ymax>
    </bndbox>
</object>
</annotation>
