<annotation verified="yes">
    <folder>Annotation</folder>
    <filename>ok_122_result_jy_HK_1611712630.6122851.jpg</filename>
    <path>jy_slide-PascalVOC-export/Annotations/ok_122_result_jy_HK_1611712630.6122851.jpg</path>
    <source>
        <database>Unknown</database>
    </source>
    <size>
        <width>260</width>
        <height>160</height>
        <depth>3</depth>
    </size>
    <segmented>0</segmented>
    <object>
    <name>target</name>
    <pose>Unspecified</pose>
    <truncated>0</truncated>
    <difficult>0</difficult>
    <bndbox>
        <xmin>161.73913043478262</xmin>
        <ymin>64.6376811594203</ymin>
        <xmax>204.05797101449278</xmax>
        <ymax>101.44927536231884</ymax>
    </bndbox>
</object>
</annotation>
