<annotation verified="yes">
    <folder>Annotation</folder>
    <filename>ok_134_result_jy_HK_1611712680.7397456.jpg</filename>
    <path>jy_slide-PascalVOC-export/Annotations/ok_134_result_jy_HK_1611712680.7397456.jpg</path>
    <source>
        <database>Unknown</database>
    </source>
    <size>
        <width>260</width>
        <height>160</height>
        <depth>3</depth>
    </size>
    <segmented>0</segmented>
    <object>
    <name>target</name>
    <pose>Unspecified</pose>
    <truncated>0</truncated>
    <difficult>0</difficult>
    <bndbox>
        <xmin>150.72463768115944</xmin>
        <ymin>105.79710144927536</ymin>
        <xmax>194.20289855072465</xmax>
        <ymax>145.5072463768116</ymax>
    </bndbox>
</object>
</annotation>
