<annotation verified="yes">
    <folder>Annotation</folder>
    <filename>ok_117_result_jy_HK_1611712589.6882212.jpg</filename>
    <path>jy_slide-PascalVOC-export/Annotations/ok_117_result_jy_HK_1611712589.6882212.jpg</path>
    <source>
        <database>Unknown</database>
    </source>
    <size>
        <width>260</width>
        <height>160</height>
        <depth>3</depth>
    </size>
    <segmented>0</segmented>
    <object>
    <name>target</name>
    <pose>Unspecified</pose>
    <truncated>0</truncated>
    <difficult>0</difficult>
    <bndbox>
        <xmin>86.95652173913044</xmin>
        <ymin>88.11594202898551</ymin>
        <xmax>130.72463768115944</xmax>
        <ymax>135.36231884057972</ymax>
    </bndbox>
</object>
</annotation>
