<annotation verified="yes">
    <folder>Annotation</folder>
    <filename>ok_129_result_jy_HK_1611712659.6579196.jpg</filename>
    <path>jy_slide-PascalVOC-export/Annotations/ok_129_result_jy_HK_1611712659.6579196.jpg</path>
    <source>
        <database>Unknown</database>
    </source>
    <size>
        <width>260</width>
        <height>160</height>
        <depth>3</depth>
    </size>
    <segmented>0</segmented>
    <object>
    <name>target</name>
    <pose>Unspecified</pose>
    <truncated>0</truncated>
    <difficult>0</difficult>
    <bndbox>
        <xmin>145.79710144927537</xmin>
        <ymin>94.20289855072464</ymin>
        <xmax>189.56521739130437</xmax>
        <ymax>133.91304347826087</ymax>
    </bndbox>
</object>
</annotation>
