<annotation verified="yes">
    <folder>Annotation</folder>
    <filename>ok_145_result_jy_HK_1611712746.9346614.jpg</filename>
    <path>jy_slide-PascalVOC-export/Annotations/ok_145_result_jy_HK_1611712746.9346614.jpg</path>
    <source>
        <database>Unknown</database>
    </source>
    <size>
        <width>260</width>
        <height>160</height>
        <depth>3</depth>
    </size>
    <segmented>0</segmented>
    <object>
    <name>target</name>
    <pose>Unspecified</pose>
    <truncated>0</truncated>
    <difficult>0</difficult>
    <bndbox>
        <xmin>113.62318840579711</xmin>
        <ymin>60.869565217391305</ymin>
        <xmax>160.57971014492756</xmax>
        <ymax>103.76811594202898</ymax>
    </bndbox>
</object>
</annotation>
