<annotation verified="yes">
    <folder>Annotation</folder>
    <filename>ok_11_result_jy_HK_1611712011.219219.jpg</filename>
    <path>jy_slide-PascalVOC-export/Annotations/ok_11_result_jy_HK_1611712011.219219.jpg</path>
    <source>
        <database>Unknown</database>
    </source>
    <size>
        <width>260</width>
        <height>160</height>
        <depth>3</depth>
    </size>
    <segmented>0</segmented>
    <object>
    <name>target</name>
    <pose>Unspecified</pose>
    <truncated>0</truncated>
    <difficult>0</difficult>
    <bndbox>
        <xmin>107.2463768115942</xmin>
        <ymin>40.57971014492754</ymin>
        <xmax>148.69565217391306</xmax>
        <ymax>84.34782608695653</ymax>
    </bndbox>
</object>
</annotation>
