<annotation verified="yes">
    <folder>Annotation</folder>
    <filename>ok_138_result_jy_HK_1611712717.953147.jpg</filename>
    <path>jy_slide-PascalVOC-export/Annotations/ok_138_result_jy_HK_1611712717.953147.jpg</path>
    <source>
        <database>Unknown</database>
    </source>
    <size>
        <width>260</width>
        <height>160</height>
        <depth>3</depth>
    </size>
    <segmented>0</segmented>
    <object>
    <name>target</name>
    <pose>Unspecified</pose>
    <truncated>0</truncated>
    <difficult>0</difficult>
    <bndbox>
        <xmin>86.66666666666667</xmin>
        <ymin>38.84057971014493</ymin>
        <xmax>132.7536231884058</xmax>
        <ymax>78.84057971014494</ymax>
    </bndbox>
</object>
</annotation>
