<annotation verified="yes">
    <folder>Annotation</folder>
    <filename>ok_13_result_jy_HK_1611712019.0667038.jpg</filename>
    <path>jy_slide-PascalVOC-export/Annotations/ok_13_result_jy_HK_1611712019.0667038.jpg</path>
    <source>
        <database>Unknown</database>
    </source>
    <size>
        <width>260</width>
        <height>160</height>
        <depth>3</depth>
    </size>
    <segmented>0</segmented>
    <object>
    <name>target</name>
    <pose>Unspecified</pose>
    <truncated>0</truncated>
    <difficult>0</difficult>
    <bndbox>
        <xmin>68.40579710144928</xmin>
        <ymin>25.217391304347828</ymin>
        <xmax>110.14492753623189</xmax>
        <ymax>65.5072463768116</ymax>
    </bndbox>
</object>
</annotation>
