<annotation verified="yes">
    <folder>Annotation</folder>
    <filename>ok_114_result_jy_HK_1611712577.4557266.jpg</filename>
    <path>jy_slide-PascalVOC-export/Annotations/ok_114_result_jy_HK_1611712577.4557266.jpg</path>
    <source>
        <database>Unknown</database>
    </source>
    <size>
        <width>260</width>
        <height>160</height>
        <depth>3</depth>
    </size>
    <segmented>0</segmented>
    <object>
    <name>target</name>
    <pose>Unspecified</pose>
    <truncated>0</truncated>
    <difficult>0</difficult>
    <bndbox>
        <xmin>156.23188405797103</xmin>
        <ymin>31.884057971014492</ymin>
        <xmax>203.768115942029</xmax>
        <ymax>77.97101449275362</ymax>
    </bndbox>
</object>
</annotation>
