<annotation verified="yes">
    <folder>Annotation</folder>
    <filename>ok_135_result_jy_HK_1611712684.8561082.jpg</filename>
    <path>jy_slide-PascalVOC-export/Annotations/ok_135_result_jy_HK_1611712684.8561082.jpg</path>
    <source>
        <database>Unknown</database>
    </source>
    <size>
        <width>260</width>
        <height>160</height>
        <depth>3</depth>
    </size>
    <segmented>0</segmented>
    <object>
    <name>target</name>
    <pose>Unspecified</pose>
    <truncated>0</truncated>
    <difficult>0</difficult>
    <bndbox>
        <xmin>101.15942028985508</xmin>
        <ymin>32.46376811594203</ymin>
        <xmax>142.60869565217394</xmax>
        <ymax>79.1304347826087</ymax>
    </bndbox>
</object>
</annotation>
