<annotation verified="yes">
    <folder>Annotation</folder>
    <filename>ok_16_result_jy_HK_1611711792.1105983.jpg</filename>
    <path>jy_slide-PascalVOC-export/Annotations/ok_16_result_jy_HK_1611711792.1105983.jpg</path>
    <source>
        <database>Unknown</database>
    </source>
    <size>
        <width>260</width>
        <height>160</height>
        <depth>3</depth>
    </size>
    <segmented>0</segmented>
    <object>
    <name>target</name>
    <pose>Unspecified</pose>
    <truncated>0</truncated>
    <difficult>0</difficult>
    <bndbox>
        <xmin>94.20289855072464</xmin>
        <ymin>75.94202898550725</ymin>
        <xmax>139.1304347826087</xmax>
        <ymax>113.33333333333334</ymax>
    </bndbox>
</object>
</annotation>
