<annotation verified="yes">
    <folder>Annotation</folder>
    <filename>ok_16_result_jy_HK_1611712051.298127.jpg</filename>
    <path>jy_slide-PascalVOC-export/Annotations/ok_16_result_jy_HK_1611712051.298127.jpg</path>
    <source>
        <database>Unknown</database>
    </source>
    <size>
        <width>260</width>
        <height>160</height>
        <depth>3</depth>
    </size>
    <segmented>0</segmented>
    <object>
    <name>target</name>
    <pose>Unspecified</pose>
    <truncated>0</truncated>
    <difficult>0</difficult>
    <bndbox>
        <xmin>101.15942028985508</xmin>
        <ymin>75.65217391304348</ymin>
        <xmax>144.05797101449275</xmax>
        <ymax>120.86956521739131</ymax>
    </bndbox>
</object>
</annotation>
