<annotation verified="yes">
    <folder>Annotation</folder>
    <filename>ok_15_result_jy_HK_1611712027.115714.jpg</filename>
    <path>jy_slide-PascalVOC-export/Annotations/ok_15_result_jy_HK_1611712027.115714.jpg</path>
    <source>
        <database>Unknown</database>
    </source>
    <size>
        <width>260</width>
        <height>160</height>
        <depth>3</depth>
    </size>
    <segmented>0</segmented>
    <object>
    <name>target</name>
    <pose>Unspecified</pose>
    <truncated>0</truncated>
    <difficult>0</difficult>
    <bndbox>
        <xmin>160.57971014492753</xmin>
        <ymin>73.33333333333334</ymin>
        <xmax>211.0144927536232</xmax>
        <ymax>115.07246376811595</ymax>
    </bndbox>
</object>
</annotation>
