<annotation verified="yes">
    <folder>Annotation</folder>
    <filename>ok_15_result_jy_HK_1611711788.1259964.jpg</filename>
    <path>jy_slide-PascalVOC-export/Annotations/ok_15_result_jy_HK_1611711788.1259964.jpg</path>
    <source>
        <database>Unknown</database>
    </source>
    <size>
        <width>260</width>
        <height>160</height>
        <depth>3</depth>
    </size>
    <segmented>0</segmented>
    <object>
    <name>target</name>
    <pose>Unspecified</pose>
    <truncated>0</truncated>
    <difficult>0</difficult>
    <bndbox>
        <xmin>96.81159420289855</xmin>
        <ymin>42.31884057971015</ymin>
        <xmax>143.47826086956522</xmax>
        <ymax>86.3768115942029</ymax>
    </bndbox>
</object>
</annotation>
