<annotation verified="yes">
    <folder>Annotation</folder>
    <filename>ok_131_result_jy_HK_1611712668.3659139.jpg</filename>
    <path>jy_slide-PascalVOC-export/Annotations/ok_131_result_jy_HK_1611712668.3659139.jpg</path>
    <source>
        <database>Unknown</database>
    </source>
    <size>
        <width>260</width>
        <height>160</height>
        <depth>3</depth>
    </size>
    <segmented>0</segmented>
    <object>
    <name>target</name>
    <pose>Unspecified</pose>
    <truncated>0</truncated>
    <difficult>0</difficult>
    <bndbox>
        <xmin>78.26086956521739</xmin>
        <ymin>98.84057971014494</ymin>
        <xmax>121.44927536231884</xmax>
        <ymax>138.2608695652174</ymax>
    </bndbox>
</object>
</annotation>
