<annotation verified="yes">
    <folder>Annotation</folder>
    <filename>ok_147_result_jy_HK_1611712755.1971846.jpg</filename>
    <path>jy_slide-PascalVOC-export/Annotations/ok_147_result_jy_HK_1611712755.1971846.jpg</path>
    <source>
        <database>Unknown</database>
    </source>
    <size>
        <width>260</width>
        <height>160</height>
        <depth>3</depth>
    </size>
    <segmented>0</segmented>
    <object>
    <name>target</name>
    <pose>Unspecified</pose>
    <truncated>0</truncated>
    <difficult>0</difficult>
    <bndbox>
        <xmin>102.31884057971016</xmin>
        <ymin>59.710144927536234</ymin>
        <xmax>153.33333333333334</xmax>
        <ymax>102.6086956521739</ymax>
    </bndbox>
</object>
</annotation>
