<annotation verified="yes">
    <folder>Annotation</folder>
    <filename>ok_10_result_jy_HK_1611712007.2128685.jpg</filename>
    <path>jy_slide-PascalVOC-export/Annotations/ok_10_result_jy_HK_1611712007.2128685.jpg</path>
    <source>
        <database>Unknown</database>
    </source>
    <size>
        <width>260</width>
        <height>160</height>
        <depth>3</depth>
    </size>
    <segmented>0</segmented>
    <object>
    <name>target</name>
    <pose>Unspecified</pose>
    <truncated>0</truncated>
    <difficult>0</difficult>
    <bndbox>
        <xmin>111.01449275362319</xmin>
        <ymin>54.20289855072464</ymin>
        <xmax>156.81159420289856</xmax>
        <ymax>94.20289855072464</ymax>
    </bndbox>
</object>
</annotation>
