<annotation verified="yes">
    <folder>Annotation</folder>
    <filename>ok_14_result_jy_HK_1611711784.767845.jpg</filename>
    <path>jy_slide-PascalVOC-export/Annotations/ok_14_result_jy_HK_1611711784.767845.jpg</path>
    <source>
        <database>Unknown</database>
    </source>
    <size>
        <width>260</width>
        <height>160</height>
        <depth>3</depth>
    </size>
    <segmented>0</segmented>
    <object>
    <name>target</name>
    <pose>Unspecified</pose>
    <truncated>0</truncated>
    <difficult>0</difficult>
    <bndbox>
        <xmin>93.62318840579711</xmin>
        <ymin>77.3913043478261</ymin>
        <xmax>140.57971014492756</xmax>
        <ymax>117.97101449275362</ymax>
    </bndbox>
</object>
</annotation>
