<annotation verified="yes">
    <folder>Annotation</folder>
    <filename>ok_144_result_jy_HK_1611712743.066702.jpg</filename>
    <path>jy_slide-PascalVOC-export/Annotations/ok_144_result_jy_HK_1611712743.066702.jpg</path>
    <source>
        <database>Unknown</database>
    </source>
    <size>
        <width>260</width>
        <height>160</height>
        <depth>3</depth>
    </size>
    <segmented>0</segmented>
    <object>
    <name>target</name>
    <pose>Unspecified</pose>
    <truncated>0</truncated>
    <difficult>0</difficult>
    <bndbox>
        <xmin>136.81159420289856</xmin>
        <ymin>63.47826086956522</ymin>
        <xmax>183.768115942029</xmax>
        <ymax>109.27536231884059</ymax>
    </bndbox>
</object>
</annotation>
