<annotation verified="yes">
    <folder>Annotation</folder>
    <filename>ok_128_result_jy_HK_1611712655.6346765.jpg</filename>
    <path>jy_slide-PascalVOC-export/Annotations/ok_128_result_jy_HK_1611712655.6346765.jpg</path>
    <source>
        <database>Unknown</database>
    </source>
    <size>
        <width>260</width>
        <height>160</height>
        <depth>3</depth>
    </size>
    <segmented>0</segmented>
    <object>
    <name>target</name>
    <pose>Unspecified</pose>
    <truncated>0</truncated>
    <difficult>0</difficult>
    <bndbox>
        <xmin>124.05797101449276</xmin>
        <ymin>55.652173913043484</ymin>
        <xmax>168.11594202898553</xmax>
        <ymax>94.78260869565219</ymax>
    </bndbox>
</object>
</annotation>
