<annotation verified="yes">
    <folder>Annotation</folder>
    <filename>ok_100_result_jy_HK_1611712498.9175086.jpg</filename>
    <path>jy_slide-PascalVOC-export/Annotations/ok_100_result_jy_HK_1611712498.9175086.jpg</path>
    <source>
        <database>Unknown</database>
    </source>
    <size>
        <width>260</width>
        <height>160</height>
        <depth>3</depth>
    </size>
    <segmented>0</segmented>
    <object>
    <name>target</name>
    <pose>Unspecified</pose>
    <truncated>0</truncated>
    <difficult>0</difficult>
    <bndbox>
        <xmin>156.23188405797103</xmin>
        <ymin>16.231884057971016</ymin>
        <xmax>202.8985507246377</xmax>
        <ymax>55.94202898550725</ymax>
    </bndbox>
</object>
</annotation>
