<annotation verified="yes">
    <folder>Annotation</folder>
    <filename>ok_17_result_jy_HK_1611711795.909465.jpg</filename>
    <path>jy_slide-PascalVOC-export/Annotations/ok_17_result_jy_HK_1611711795.909465.jpg</path>
    <source>
        <database>Unknown</database>
    </source>
    <size>
        <width>260</width>
        <height>160</height>
        <depth>3</depth>
    </size>
    <segmented>0</segmented>
    <object>
    <name>target</name>
    <pose>Unspecified</pose>
    <truncated>0</truncated>
    <difficult>0</difficult>
    <bndbox>
        <xmin>115.65217391304348</xmin>
        <ymin>91.59420289855073</ymin>
        <xmax>156.23188405797103</xmax>
        <ymax>131.59420289855075</ymax>
    </bndbox>
</object>
</annotation>
