<annotation verified="yes">
    <folder>Annotation</folder>
    <filename>ok_112_result_jy_HK_1611712569.064326.jpg</filename>
    <path>jy_slide-PascalVOC-export/Annotations/ok_112_result_jy_HK_1611712569.064326.jpg</path>
    <source>
        <database>Unknown</database>
    </source>
    <size>
        <width>260</width>
        <height>160</height>
        <depth>3</depth>
    </size>
    <segmented>0</segmented>
    <object>
    <name>target</name>
    <pose>Unspecified</pose>
    <truncated>0</truncated>
    <difficult>0</difficult>
    <bndbox>
        <xmin>79.42028985507247</xmin>
        <ymin>60.869565217391305</ymin>
        <xmax>126.95652173913044</xmax>
        <ymax>100.86956521739131</ymax>
    </bndbox>
</object>
</annotation>
