<annotation verified="yes">
    <folder>Annotation</folder>
    <filename>ok_116_result_jy_HK_1611712585.5406845.jpg</filename>
    <path>jy_slide-PascalVOC-export/Annotations/ok_116_result_jy_HK_1611712585.5406845.jpg</path>
    <source>
        <database>Unknown</database>
    </source>
    <size>
        <width>260</width>
        <height>160</height>
        <depth>3</depth>
    </size>
    <segmented>0</segmented>
    <object>
    <name>target</name>
    <pose>Unspecified</pose>
    <truncated>0</truncated>
    <difficult>0</difficult>
    <bndbox>
        <xmin>74.20289855072464</xmin>
        <ymin>81.73913043478261</ymin>
        <xmax>115.65217391304348</xmax>
        <ymax>120.57971014492753</ymax>
    </bndbox>
</object>
</annotation>
