<annotation verified="yes">
    <folder>Annotation</folder>
    <filename>ok_143_result_jy_HK_1611712738.8358498.jpg</filename>
    <path>jy_slide-PascalVOC-export/Annotations/ok_143_result_jy_HK_1611712738.8358498.jpg</path>
    <source>
        <database>Unknown</database>
    </source>
    <size>
        <width>260</width>
        <height>160</height>
        <depth>3</depth>
    </size>
    <segmented>0</segmented>
    <object>
    <name>target</name>
    <pose>Unspecified</pose>
    <truncated>0</truncated>
    <difficult>0</difficult>
    <bndbox>
        <xmin>173.33333333333334</xmin>
        <ymin>73.33333333333334</ymin>
        <xmax>215.07246376811594</xmax>
        <ymax>120.00000000000001</ymax>
    </bndbox>
</object>
</annotation>
