<annotation verified="yes">
    <folder>Annotation</folder>
    <filename>ok_149_result_jy_HK_1611712763.274505.jpg</filename>
    <path>jy_slide-PascalVOC-export/Annotations/ok_149_result_jy_HK_1611712763.274505.jpg</path>
    <source>
        <database>Unknown</database>
    </source>
    <size>
        <width>260</width>
        <height>160</height>
        <depth>3</depth>
    </size>
    <segmented>0</segmented>
    <object>
    <name>target</name>
    <pose>Unspecified</pose>
    <truncated>0</truncated>
    <difficult>0</difficult>
    <bndbox>
        <xmin>136.81159420289856</xmin>
        <ymin>41.73913043478261</ymin>
        <xmax>185.21739130434784</xmax>
        <ymax>84.05797101449275</ymax>
    </bndbox>
</object>
</annotation>
