<annotation verified="yes">
    <folder>Annotation</folder>
    <filename>ok_11_result_jy_HK_1611711774.0445187.jpg</filename>
    <path>jy_slide-PascalVOC-export/Annotations/ok_11_result_jy_HK_1611711774.0445187.jpg</path>
    <source>
        <database>Unknown</database>
    </source>
    <size>
        <width>260</width>
        <height>160</height>
        <depth>3</depth>
    </size>
    <segmented>0</segmented>
    <object>
    <name>target</name>
    <pose>Unspecified</pose>
    <truncated>0</truncated>
    <difficult>0</difficult>
    <bndbox>
        <xmin>131.0144927536232</xmin>
        <ymin>96.23188405797102</ymin>
        <xmax>175.36231884057972</xmax>
        <ymax>143.47826086956522</ymax>
    </bndbox>
</object>
</annotation>
