<annotation verified="yes">
    <folder>Annotation</folder>
    <filename>ok_132_result_jy_HK_1611712672.4401357.jpg</filename>
    <path>jy_slide-PascalVOC-export/Annotations/ok_132_result_jy_HK_1611712672.4401357.jpg</path>
    <source>
        <database>Unknown</database>
    </source>
    <size>
        <width>260</width>
        <height>160</height>
        <depth>3</depth>
    </size>
    <segmented>0</segmented>
    <object>
    <name>target</name>
    <pose>Unspecified</pose>
    <truncated>0</truncated>
    <difficult>0</difficult>
    <bndbox>
        <xmin>151.0144927536232</xmin>
        <ymin>33.04347826086957</ymin>
        <xmax>198.84057971014494</xmax>
        <ymax>78.84057971014494</ymax>
    </bndbox>
</object>
</annotation>
