<annotation verified="yes">
    <folder>Annotation</folder>
    <filename>ok_123_result_jy_HK_1611712634.6393766.jpg</filename>
    <path>jy_slide-PascalVOC-export/Annotations/ok_123_result_jy_HK_1611712634.6393766.jpg</path>
    <source>
        <database>Unknown</database>
    </source>
    <size>
        <width>260</width>
        <height>160</height>
        <depth>3</depth>
    </size>
    <segmented>0</segmented>
    <object>
    <name>target</name>
    <pose>Unspecified</pose>
    <truncated>0</truncated>
    <difficult>0</difficult>
    <bndbox>
        <xmin>135.07246376811594</xmin>
        <ymin>104.92753623188406</ymin>
        <xmax>175.36231884057972</xmax>
        <ymax>147.82608695652175</ymax>
    </bndbox>
</object>
</annotation>
