<annotation verified="yes">
    <folder>Annotation</folder>
    <filename>ok_13_result_jy_HK_1611711781.3346083.jpg</filename>
    <path>jy_slide-PascalVOC-export/Annotations/ok_13_result_jy_HK_1611711781.3346083.jpg</path>
    <source>
        <database>Unknown</database>
    </source>
    <size>
        <width>260</width>
        <height>160</height>
        <depth>3</depth>
    </size>
    <segmented>0</segmented>
    <object>
    <name>target</name>
    <pose>Unspecified</pose>
    <truncated>0</truncated>
    <difficult>0</difficult>
    <bndbox>
        <xmin>140.28985507246378</xmin>
        <ymin>64.92753623188406</ymin>
        <xmax>192.17391304347828</xmax>
        <ymax>105.5072463768116</ymax>
    </bndbox>
</object>
</annotation>
