<annotation verified="yes">
    <folder>Annotation</folder>
    <filename>ok_137_result_jy_HK_1611712713.8746867.jpg</filename>
    <path>jy_slide-PascalVOC-export/Annotations/ok_137_result_jy_HK_1611712713.8746867.jpg</path>
    <source>
        <database>Unknown</database>
    </source>
    <size>
        <width>260</width>
        <height>160</height>
        <depth>3</depth>
    </size>
    <segmented>0</segmented>
    <object>
    <name>target</name>
    <pose>Unspecified</pose>
    <truncated>0</truncated>
    <difficult>0</difficult>
    <bndbox>
        <xmin>109.27536231884058</xmin>
        <ymin>60.28985507246377</ymin>
        <xmax>160.57971014492753</xmax>
        <ymax>99.71014492753625</ymax>
    </bndbox>
</object>
</annotation>
