<annotation verified="yes">
    <folder>Annotation</folder>
    <filename>ok_110_result_jy_HK_1611712561.0638905.jpg</filename>
    <path>jy_slide-PascalVOC-export/Annotations/ok_110_result_jy_HK_1611712561.0638905.jpg</path>
    <source>
        <database>Unknown</database>
    </source>
    <size>
        <width>260</width>
        <height>160</height>
        <depth>3</depth>
    </size>
    <segmented>0</segmented>
    <object>
    <name>target</name>
    <pose>Unspecified</pose>
    <truncated>0</truncated>
    <difficult>0</difficult>
    <bndbox>
        <xmin>111.30434782608697</xmin>
        <ymin>50.14492753623188</ymin>
        <xmax>160.28985507246378</xmax>
        <ymax>89.56521739130434</ymax>
    </bndbox>
</object>
</annotation>
