<annotation verified="yes">
    <folder>Annotation</folder>
    <filename>ok_12_result_jy_HK_1611712015.0855594.jpg</filename>
    <path>jy_slide-PascalVOC-export/Annotations/ok_12_result_jy_HK_1611712015.0855594.jpg</path>
    <source>
        <database>Unknown</database>
    </source>
    <size>
        <width>260</width>
        <height>160</height>
        <depth>3</depth>
    </size>
    <segmented>0</segmented>
    <object>
    <name>target</name>
    <pose>Unspecified</pose>
    <truncated>0</truncated>
    <difficult>0</difficult>
    <bndbox>
        <xmin>141.44927536231884</xmin>
        <ymin>51.594202898550726</ymin>
        <xmax>183.768115942029</xmax>
        <ymax>95.07246376811594</ymax>
    </bndbox>
</object>
</annotation>
