<annotation verified="yes">
    <folder>Annotation</folder>
    <filename>ok_126_result_jy_HK_1611712647.0761669.jpg</filename>
    <path>jy_slide-PascalVOC-export/Annotations/ok_126_result_jy_HK_1611712647.0761669.jpg</path>
    <source>
        <database>Unknown</database>
    </source>
    <size>
        <width>260</width>
        <height>160</height>
        <depth>3</depth>
    </size>
    <segmented>0</segmented>
    <object>
    <name>target</name>
    <pose>Unspecified</pose>
    <truncated>0</truncated>
    <difficult>0</difficult>
    <bndbox>
        <xmin>64.34782608695653</xmin>
        <ymin>55.36231884057971</ymin>
        <xmax>106.3768115942029</xmax>
        <ymax>96.52173913043478</ymax>
    </bndbox>
</object>
</annotation>
