<annotation verified="yes">
    <folder>Annotation</folder>
    <filename>ok_17_result_jy_HK_1611712055.3067124.jpg</filename>
    <path>jy_slide-PascalVOC-export/Annotations/ok_17_result_jy_HK_1611712055.3067124.jpg</path>
    <source>
        <database>Unknown</database>
    </source>
    <size>
        <width>260</width>
        <height>160</height>
        <depth>3</depth>
    </size>
    <segmented>0</segmented>
    <object>
    <name>target</name>
    <pose>Unspecified</pose>
    <truncated>0</truncated>
    <difficult>0</difficult>
    <bndbox>
        <xmin>109.56521739130436</xmin>
        <ymin>59.42028985507247</ymin>
        <xmax>159.71014492753625</xmax>
        <ymax>99.42028985507247</ymax>
    </bndbox>
</object>
</annotation>
