<annotation verified="yes">
    <folder>Annotation</folder>
    <filename>ok_19_result_jy_HK_1611712063.4407766.jpg</filename>
    <path>jy_slide-PascalVOC-export/Annotations/ok_19_result_jy_HK_1611712063.4407766.jpg</path>
    <source>
        <database>Unknown</database>
    </source>
    <size>
        <width>260</width>
        <height>160</height>
        <depth>3</depth>
    </size>
    <segmented>0</segmented>
    <object>
    <name>target</name>
    <pose>Unspecified</pose>
    <truncated>0</truncated>
    <difficult>0</difficult>
    <bndbox>
        <xmin>160.8695652173913</xmin>
        <ymin>74.4927536231884</ymin>
        <xmax>210.72463768115944</xmax>
        <ymax>114.20289855072464</ymax>
    </bndbox>
</object>
</annotation>
