<annotation verified="yes">
    <folder>Annotation</folder>
    <filename>ok_103_result_jy_HK_1611712511.639944.jpg</filename>
    <path>jy_slide-PascalVOC-export/Annotations/ok_103_result_jy_HK_1611712511.639944.jpg</path>
    <source>
        <database>Unknown</database>
    </source>
    <size>
        <width>260</width>
        <height>160</height>
        <depth>3</depth>
    </size>
    <segmented>0</segmented>
    <object>
    <name>target</name>
    <pose>Unspecified</pose>
    <truncated>0</truncated>
    <difficult>0</difficult>
    <bndbox>
        <xmin>148.69565217391306</xmin>
        <ymin>90.72463768115942</ymin>
        <xmax>191.8840579710145</xmax>
        <ymax>134.4927536231884</ymax>
    </bndbox>
</object>
</annotation>
