<annotation verified="yes">
    <folder>Annotation</folder>
    <filename>ok_12_result_jy_HK_1611711777.9626231.jpg</filename>
    <path>jy_slide-PascalVOC-export/Annotations/ok_12_result_jy_HK_1611711777.9626231.jpg</path>
    <source>
        <database>Unknown</database>
    </source>
    <size>
        <width>260</width>
        <height>160</height>
        <depth>3</depth>
    </size>
    <segmented>0</segmented>
    <object>
    <name>target</name>
    <pose>Unspecified</pose>
    <truncated>0</truncated>
    <difficult>0</difficult>
    <bndbox>
        <xmin>101.44927536231884</xmin>
        <ymin>77.10144927536233</ymin>
        <xmax>144.6376811594203</xmax>
        <ymax>121.44927536231884</ymax>
    </bndbox>
</object>
</annotation>
