<annotation verified="yes">
    <folder>Annotation</folder>
    <filename>ok_130_result_jy_HK_1611712663.7372231.jpg</filename>
    <path>jy_slide-PascalVOC-export/Annotations/ok_130_result_jy_HK_1611712663.7372231.jpg</path>
    <source>
        <database>Unknown</database>
    </source>
    <size>
        <width>260</width>
        <height>160</height>
        <depth>3</depth>
    </size>
    <segmented>0</segmented>
    <object>
    <name>target</name>
    <pose>Unspecified</pose>
    <truncated>0</truncated>
    <difficult>0</difficult>
    <bndbox>
        <xmin>98.84057971014494</xmin>
        <ymin>49.56521739130435</ymin>
        <xmax>145.79710144927537</xmax>
        <ymax>88.69565217391305</ymax>
    </bndbox>
</object>
</annotation>
