<annotation verified="yes">
    <folder>Annotation</folder>
    <filename>ok_142_result_jy_HK_1611712734.6406534.jpg</filename>
    <path>jy_slide-PascalVOC-export/Annotations/ok_142_result_jy_HK_1611712734.6406534.jpg</path>
    <source>
        <database>Unknown</database>
    </source>
    <size>
        <width>260</width>
        <height>160</height>
        <depth>3</depth>
    </size>
    <segmented>0</segmented>
    <object>
    <name>target</name>
    <pose>Unspecified</pose>
    <truncated>0</truncated>
    <difficult>0</difficult>
    <bndbox>
        <xmin>67.53623188405797</xmin>
        <ymin>71.8840579710145</ymin>
        <xmax>113.04347826086956</xmax>
        <ymax>116.23188405797103</ymax>
    </bndbox>
</object>
</annotation>
