<annotation verified="yes">
    <folder>Annotation</folder>
    <filename>ok_18_result_jy_HK_1611711799.266091.jpg</filename>
    <path>jy_slide-PascalVOC-export/Annotations/ok_18_result_jy_HK_1611711799.266091.jpg</path>
    <source>
        <database>Unknown</database>
    </source>
    <size>
        <width>260</width>
        <height>160</height>
        <depth>3</depth>
    </size>
    <segmented>0</segmented>
    <object>
    <name>target</name>
    <pose>Unspecified</pose>
    <truncated>0</truncated>
    <difficult>0</difficult>
    <bndbox>
        <xmin>73.91304347826087</xmin>
        <ymin>71.59420289855073</ymin>
        <xmax>125.5072463768116</xmax>
        <ymax>110.72463768115944</ymax>
    </bndbox>
</object>
</annotation>
