<annotation verified="yes">
    <folder>Annotation</folder>
    <filename>ok_127_result_jy_HK_1611712651.7034101.jpg</filename>
    <path>jy_slide-PascalVOC-export/Annotations/ok_127_result_jy_HK_1611712651.7034101.jpg</path>
    <source>
        <database>Unknown</database>
    </source>
    <size>
        <width>260</width>
        <height>160</height>
        <depth>3</depth>
    </size>
    <segmented>0</segmented>
    <object>
    <name>target</name>
    <pose>Unspecified</pose>
    <truncated>0</truncated>
    <difficult>0</difficult>
    <bndbox>
        <xmin>146.3768115942029</xmin>
        <ymin>71.30434782608695</ymin>
        <xmax>190.43478260869566</xmax>
        <ymax>115.65217391304347</ymax>
    </bndbox>
</object>
</annotation>
