<annotation verified="yes">
    <folder>Annotation</folder>
    <filename>ok_115_result_jy_HK_1611712581.5149846.jpg</filename>
    <path>jy_slide-PascalVOC-export/Annotations/ok_115_result_jy_HK_1611712581.5149846.jpg</path>
    <source>
        <database>Unknown</database>
    </source>
    <size>
        <width>260</width>
        <height>160</height>
        <depth>3</depth>
    </size>
    <segmented>0</segmented>
    <object>
    <name>target</name>
    <pose>Unspecified</pose>
    <truncated>0</truncated>
    <difficult>0</difficult>
    <bndbox>
        <xmin>156.52173913043478</xmin>
        <ymin>53.04347826086957</ymin>
        <xmax>200.28985507246375</xmax>
        <ymax>93.91304347826087</ymax>
    </bndbox>
</object>
</annotation>
