<annotation verified="yes">
    <folder>Annotation</folder>
    <filename>ok_111_result_jy_HK_1611712565.0290112.jpg</filename>
    <path>jy_slide-PascalVOC-export/Annotations/ok_111_result_jy_HK_1611712565.0290112.jpg</path>
    <source>
        <database>Unknown</database>
    </source>
    <size>
        <width>260</width>
        <height>160</height>
        <depth>3</depth>
    </size>
    <segmented>0</segmented>
    <object>
    <name>target</name>
    <pose>Unspecified</pose>
    <truncated>0</truncated>
    <difficult>0</difficult>
    <bndbox>
        <xmin>148.69565217391306</xmin>
        <ymin>72.17391304347827</ymin>
        <xmax>190.1449275362319</xmax>
        <ymax>117.68115942028986</ymax>
    </bndbox>
</object>
</annotation>
