<annotation verified="yes">
    <folder>Annotation</folder>
    <filename>ok_146_result_jy_HK_1611712751.1117268.jpg</filename>
    <path>jy_slide-PascalVOC-export/Annotations/ok_146_result_jy_HK_1611712751.1117268.jpg</path>
    <source>
        <database>Unknown</database>
    </source>
    <size>
        <width>260</width>
        <height>160</height>
        <depth>3</depth>
    </size>
    <segmented>0</segmented>
    <object>
    <name>target</name>
    <pose>Unspecified</pose>
    <truncated>0</truncated>
    <difficult>0</difficult>
    <bndbox>
        <xmin>174.7826086956522</xmin>
        <ymin>13.623188405797102</ymin>
        <xmax>221.44927536231887</xmax>
        <ymax>56.52173913043478</ymax>
    </bndbox>
</object>
</annotation>
