<annotation verified="yes">
    <folder>Annotation</folder>
    <filename>ok_118_result_jy_HK_1611712593.7701812.jpg</filename>
    <path>jy_slide-PascalVOC-export/Annotations/ok_118_result_jy_HK_1611712593.7701812.jpg</path>
    <source>
        <database>Unknown</database>
    </source>
    <size>
        <width>260</width>
        <height>160</height>
        <depth>3</depth>
    </size>
    <segmented>0</segmented>
    <object>
    <name>target</name>
    <pose>Unspecified</pose>
    <truncated>0</truncated>
    <difficult>0</difficult>
    <bndbox>
        <xmin>72.17391304347827</xmin>
        <ymin>93.62318840579711</ymin>
        <xmax>120.28985507246378</xmax>
        <ymax>134.7826086956522</ymax>
    </bndbox>
</object>
</annotation>
