<annotation verified="yes">
    <folder>Annotation</folder>
    <filename>ok_10_result_jy_HK_1611711769.945994.jpg</filename>
    <path>jy_slide-PascalVOC-export/Annotations/ok_10_result_jy_HK_1611711769.945994.jpg</path>
    <source>
        <database>Unknown</database>
    </source>
    <size>
        <width>260</width>
        <height>160</height>
        <depth>3</depth>
    </size>
    <segmented>0</segmented>
    <object>
    <name>target</name>
    <pose>Unspecified</pose>
    <truncated>0</truncated>
    <difficult>0</difficult>
    <bndbox>
        <xmin>147.24637681159422</xmin>
        <ymin>71.59420289855073</ymin>
        <xmax>191.30434782608697</xmax>
        <ymax>115.6521739130435</ymax>
    </bndbox>
</object>
</annotation>
