<annotation verified="yes">
    <folder>Annotation</folder>
    <filename>ok_120_result_jy_HK_1611712601.823611.jpg</filename>
    <path>jy_slide-PascalVOC-export/Annotations/ok_120_result_jy_HK_1611712601.823611.jpg</path>
    <source>
        <database>Unknown</database>
    </source>
    <size>
        <width>260</width>
        <height>160</height>
        <depth>3</depth>
    </size>
    <segmented>0</segmented>
    <object>
    <name>target</name>
    <pose>Unspecified</pose>
    <truncated>0</truncated>
    <difficult>0</difficult>
    <bndbox>
        <xmin>123.47826086956522</xmin>
        <ymin>62.89855072463769</ymin>
        <xmax>165.5072463768116</xmax>
        <ymax>102.02898550724638</ymax>
    </bndbox>
</object>
</annotation>
