<annotation verified="yes">
    <folder>Annotation</folder>
    <filename>ok_139_result_jy_HK_1611712722.2368162.jpg</filename>
    <path>jy_slide-PascalVOC-export/Annotations/ok_139_result_jy_HK_1611712722.2368162.jpg</path>
    <source>
        <database>Unknown</database>
    </source>
    <size>
        <width>260</width>
        <height>160</height>
        <depth>3</depth>
    </size>
    <segmented>0</segmented>
    <object>
    <name>target</name>
    <pose>Unspecified</pose>
    <truncated>0</truncated>
    <difficult>0</difficult>
    <bndbox>
        <xmin>48.98550724637681</xmin>
        <ymin>17.10144927536232</ymin>
        <xmax>93.33333333333334</xmax>
        <ymax>57.39130434782609</ymax>
    </bndbox>
</object>
</annotation>
