<annotation verified="yes">
    <folder>Annotation</folder>
    <filename>ok_18_result_jy_HK_1611712059.4370513.jpg</filename>
    <path>jy_slide-PascalVOC-export/Annotations/ok_18_result_jy_HK_1611712059.4370513.jpg</path>
    <source>
        <database>Unknown</database>
    </source>
    <size>
        <width>260</width>
        <height>160</height>
        <depth>3</depth>
    </size>
    <segmented>0</segmented>
    <object>
    <name>target</name>
    <pose>Unspecified</pose>
    <truncated>0</truncated>
    <difficult>0</difficult>
    <bndbox>
        <xmin>95.65217391304348</xmin>
        <ymin>71.59420289855073</ymin>
        <xmax>142.60869565217394</xmax>
        <ymax>114.78260869565219</ymax>
    </bndbox>
</object>
</annotation>
