<annotation verified="yes">
    <folder>Annotation</folder>
    <filename>ok_133_result_jy_HK_1611712676.50363.jpg</filename>
    <path>jy_slide-PascalVOC-export/Annotations/ok_133_result_jy_HK_1611712676.50363.jpg</path>
    <source>
        <database>Unknown</database>
    </source>
    <size>
        <width>260</width>
        <height>160</height>
        <depth>3</depth>
    </size>
    <segmented>0</segmented>
    <object>
    <name>target</name>
    <pose>Unspecified</pose>
    <truncated>0</truncated>
    <difficult>0</difficult>
    <bndbox>
        <xmin>114.20289855072464</xmin>
        <ymin>31.594202898550726</ymin>
        <xmax>161.15942028985506</xmax>
        <ymax>72.46376811594203</ymax>
    </bndbox>
</object>
</annotation>
