<annotation verified="yes">
    <folder>Annotation</folder>
    <filename>ok_141_result_jy_HK_1611712730.4503703.jpg</filename>
    <path>jy_slide-PascalVOC-export/Annotations/ok_141_result_jy_HK_1611712730.4503703.jpg</path>
    <source>
        <database>Unknown</database>
    </source>
    <size>
        <width>260</width>
        <height>160</height>
        <depth>3</depth>
    </size>
    <segmented>0</segmented>
    <object>
    <name>target</name>
    <pose>Unspecified</pose>
    <truncated>0</truncated>
    <difficult>0</difficult>
    <bndbox>
        <xmin>142.31884057971016</xmin>
        <ymin>34.492753623188406</ymin>
        <xmax>184.92753623188406</xmax>
        <ymax>77.97101449275362</ymax>
    </bndbox>
</object>
</annotation>
