<annotation verified="yes">
    <folder>Annotation</folder>
    <filename>ok_101_result_jy_HK_1611712503.3171237.jpg</filename>
    <path>jy_slide-PascalVOC-export/Annotations/ok_101_result_jy_HK_1611712503.3171237.jpg</path>
    <source>
        <database>Unknown</database>
    </source>
    <size>
        <width>260</width>
        <height>160</height>
        <depth>3</depth>
    </size>
    <segmented>0</segmented>
    <object>
    <name>target</name>
    <pose>Unspecified</pose>
    <truncated>0</truncated>
    <difficult>0</difficult>
    <bndbox>
        <xmin>91.8840579710145</xmin>
        <ymin>61.15942028985508</ymin>
        <xmax>140.8695652173913</xmax>
        <ymax>100.86956521739131</ymax>
    </bndbox>
</object>
</annotation>
