<annotation verified="yes">
    <folder>Annotation</folder>
    <filename>ok_121_result_jy_HK_1611712626.558355.jpg</filename>
    <path>jy_slide-PascalVOC-export/Annotations/ok_121_result_jy_HK_1611712626.558355.jpg</path>
    <source>
        <database>Unknown</database>
    </source>
    <size>
        <width>260</width>
        <height>160</height>
        <depth>3</depth>
    </size>
    <segmented>0</segmented>
    <object>
    <name>target</name>
    <pose>Unspecified</pose>
    <truncated>0</truncated>
    <difficult>0</difficult>
    <bndbox>
        <xmin>138.2608695652174</xmin>
        <ymin>58.26086956521739</ymin>
        <xmax>180.57971014492756</xmax>
        <ymax>96.23188405797102</ymax>
    </bndbox>
</object>
</annotation>
