<annotation verified="yes">
    <folder>Annotation</folder>
    <filename>ok_104_result_jy_HK_1611712515.6371536.jpg</filename>
    <path>jy_slide-PascalVOC-export/Annotations/ok_104_result_jy_HK_1611712515.6371536.jpg</path>
    <source>
        <database>Unknown</database>
    </source>
    <size>
        <width>260</width>
        <height>160</height>
        <depth>3</depth>
    </size>
    <segmented>0</segmented>
    <object>
    <name>target</name>
    <pose>Unspecified</pose>
    <truncated>0</truncated>
    <difficult>0</difficult>
    <bndbox>
        <xmin>103.47826086956522</xmin>
        <ymin>23.47826086956522</ymin>
        <xmax>144.05797101449275</xmax>
        <ymax>63.76811594202899</ymax>
    </bndbox>
</object>
</annotation>
