<annotation verified="yes">
    <folder>Annotation</folder>
    <filename>ok_113_result_jy_HK_1611712573.2075415.jpg</filename>
    <path>jy_slide-PascalVOC-export/Annotations/ok_113_result_jy_HK_1611712573.2075415.jpg</path>
    <source>
        <database>Unknown</database>
    </source>
    <size>
        <width>260</width>
        <height>160</height>
        <depth>3</depth>
    </size>
    <segmented>0</segmented>
    <object>
    <name>target</name>
    <pose>Unspecified</pose>
    <truncated>0</truncated>
    <difficult>0</difficult>
    <bndbox>
        <xmin>123.47826086956522</xmin>
        <ymin>73.33333333333334</ymin>
        <xmax>171.59420289855072</xmax>
        <ymax>112.75362318840581</ymax>
    </bndbox>
</object>
</annotation>
