<annotation verified="yes">
    <folder>Annotation</folder>
    <filename>ok_109_result_jy_HK_1611712556.3958802.jpg</filename>
    <path>jy_slide-PascalVOC-export/Annotations/ok_109_result_jy_HK_1611712556.3958802.jpg</path>
    <source>
        <database>Unknown</database>
    </source>
    <size>
        <width>260</width>
        <height>160</height>
        <depth>3</depth>
    </size>
    <segmented>0</segmented>
    <object>
    <name>target</name>
    <pose>Unspecified</pose>
    <truncated>0</truncated>
    <difficult>0</difficult>
    <bndbox>
        <xmin>79.42028985507247</xmin>
        <ymin>62.31884057971015</ymin>
        <xmax>129.2753623188406</xmax>
        <ymax>103.47826086956522</ymax>
    </bndbox>
</object>
</annotation>
