<annotation verified="yes">
    <folder>Annotation</folder>
    <filename>ok_140_result_jy_HK_1611712726.3501778.jpg</filename>
    <path>jy_slide-PascalVOC-export/Annotations/ok_140_result_jy_HK_1611712726.3501778.jpg</path>
    <source>
        <database>Unknown</database>
    </source>
    <size>
        <width>260</width>
        <height>160</height>
        <depth>3</depth>
    </size>
    <segmented>0</segmented>
    <object>
    <name>target</name>
    <pose>Unspecified</pose>
    <truncated>0</truncated>
    <difficult>0</difficult>
    <bndbox>
        <xmin>83.18840579710145</xmin>
        <ymin>77.3913043478261</ymin>
        <xmax>132.7536231884058</xmax>
        <ymax>121.15942028985508</ymax>
    </bndbox>
</object>
</annotation>
