<annotation verified="yes">
    <folder>Annotation</folder>
    <filename>ok_106_result_jy_HK_1611712544.074495.jpg</filename>
    <path>jy_slide-PascalVOC-export/Annotations/ok_106_result_jy_HK_1611712544.074495.jpg</path>
    <source>
        <database>Unknown</database>
    </source>
    <size>
        <width>260</width>
        <height>160</height>
        <depth>3</depth>
    </size>
    <segmented>0</segmented>
    <object>
    <name>target</name>
    <pose>Unspecified</pose>
    <truncated>0</truncated>
    <difficult>0</difficult>
    <bndbox>
        <xmin>86.3768115942029</xmin>
        <ymin>31.884057971014492</ymin>
        <xmax>129.56521739130437</xmax>
        <ymax>69.85507246376812</ymax>
    </bndbox>
</object>
</annotation>
