<annotation verified="yes">
    <folder>Annotation</folder>
    <filename>ok_125_result_jy_HK_1611712642.978397.jpg</filename>
    <path>jy_slide-PascalVOC-export/Annotations/ok_125_result_jy_HK_1611712642.978397.jpg</path>
    <source>
        <database>Unknown</database>
    </source>
    <size>
        <width>260</width>
        <height>160</height>
        <depth>3</depth>
    </size>
    <segmented>0</segmented>
    <object>
    <name>target</name>
    <pose>Unspecified</pose>
    <truncated>0</truncated>
    <difficult>0</difficult>
    <bndbox>
        <xmin>85.79710144927536</xmin>
        <ymin>93.62318840579711</ymin>
        <xmax>128.1159420289855</xmax>
        <ymax>135.36231884057972</ymax>
    </bndbox>
</object>
</annotation>
