<annotation verified="yes">
    <folder>Annotation</folder>
    <filename>ok_1_result_jy_HK_1611711738.4741755.jpg</filename>
    <path>jy_slide-PascalVOC-export/Annotations/ok_1_result_jy_HK_1611711738.4741755.jpg</path>
    <source>
        <database>Unknown</database>
    </source>
    <size>
        <width>260</width>
        <height>160</height>
        <depth>3</depth>
    </size>
    <segmented>0</segmented>
    <object>
    <name>target</name>
    <pose>Unspecified</pose>
    <truncated>0</truncated>
    <difficult>0</difficult>
    <bndbox>
        <xmin>167.24637681159422</xmin>
        <ymin>61.73913043478261</ymin>
        <xmax>211.30434782608697</xmax>
        <ymax>105.79710144927537</ymax>
    </bndbox>
</object>
</annotation>
