<annotation verified="yes">
    <folder>Annotation</folder>
    <filename>ok_2_result_jy_HK_1611711975.028783.jpg</filename>
    <path>jy_slide-PascalVOC-export/Annotations/ok_2_result_jy_HK_1611711975.028783.jpg</path>
    <source>
        <database>Unknown</database>
    </source>
    <size>
        <width>260</width>
        <height>160</height>
        <depth>3</depth>
    </size>
    <segmented>0</segmented>
    <object>
    <name>target</name>
    <pose>Unspecified</pose>
    <truncated>0</truncated>
    <difficult>0</difficult>
    <bndbox>
        <xmin>94.78260869565217</xmin>
        <ymin>70.43478260869566</ymin>
        <xmax>142.02898550724638</xmax>
        <ymax>115.07246376811594</ymax>
    </bndbox>
</object>
</annotation>
