<annotation verified="yes">
    <folder>Annotation</folder>
    <filename>ok_27_result_jy_HK_1611712097.2292745.jpg</filename>
    <path>jy_slide-PascalVOC-export/Annotations/ok_27_result_jy_HK_1611712097.2292745.jpg</path>
    <source>
        <database>Unknown</database>
    </source>
    <size>
        <width>260</width>
        <height>160</height>
        <depth>3</depth>
    </size>
    <segmented>0</segmented>
    <object>
    <name>target</name>
    <pose>Unspecified</pose>
    <truncated>0</truncated>
    <difficult>0</difficult>
    <bndbox>
        <xmin>106.3768115942029</xmin>
        <ymin>63.47826086956522</ymin>
        <xmax>157.1014492753623</xmax>
        <ymax>109.56521739130434</ymax>
    </bndbox>
</object>
</annotation>
