<annotation verified="yes">
    <folder>Annotation</folder>
    <filename>ok_21_result_jy_HK_1611712071.8143206.jpg</filename>
    <path>jy_slide-PascalVOC-export/Annotations/ok_21_result_jy_HK_1611712071.8143206.jpg</path>
    <source>
        <database>Unknown</database>
    </source>
    <size>
        <width>260</width>
        <height>160</height>
        <depth>3</depth>
    </size>
    <segmented>0</segmented>
    <object>
    <name>target</name>
    <pose>Unspecified</pose>
    <truncated>0</truncated>
    <difficult>0</difficult>
    <bndbox>
        <xmin>122.60869565217392</xmin>
        <ymin>48.98550724637681</ymin>
        <xmax>170.72463768115944</xmax>
        <ymax>94.78260869565219</ymax>
    </bndbox>
</object>
</annotation>
