<annotation verified="yes">
    <folder>Annotation</folder>
    <filename>ok_2_result_jy_HK_1611711741.9109745.jpg</filename>
    <path>jy_slide-PascalVOC-export/Annotations/ok_2_result_jy_HK_1611711741.9109745.jpg</path>
    <source>
        <database>Unknown</database>
    </source>
    <size>
        <width>260</width>
        <height>160</height>
        <depth>3</depth>
    </size>
    <segmented>0</segmented>
    <object>
    <name>target</name>
    <pose>Unspecified</pose>
    <truncated>0</truncated>
    <difficult>0</difficult>
    <bndbox>
        <xmin>146.95652173913044</xmin>
        <ymin>73.33333333333334</ymin>
        <xmax>190.72463768115944</xmax>
        <ymax>116.5217391304348</ymax>
    </bndbox>
</object>
</annotation>
