<annotation verified="yes">
    <folder>Annotation</folder>
    <filename>ok_20_result_jy_HK_1611712067.556642.jpg</filename>
    <path>jy_slide-PascalVOC-export/Annotations/ok_20_result_jy_HK_1611712067.556642.jpg</path>
    <source>
        <database>Unknown</database>
    </source>
    <size>
        <width>260</width>
        <height>160</height>
        <depth>3</depth>
    </size>
    <segmented>0</segmented>
    <object>
    <name>target</name>
    <pose>Unspecified</pose>
    <truncated>0</truncated>
    <difficult>0</difficult>
    <bndbox>
        <xmin>111.01449275362319</xmin>
        <ymin>84.6376811594203</ymin>
        <xmax>151.59420289855072</xmax>
        <ymax>127.82608695652175</ymax>
    </bndbox>
</object>
</annotation>
