<annotation verified="yes">
    <folder>Annotation</folder>
    <filename>ok_29_result_jy_HK_1611712105.7008832.jpg</filename>
    <path>jy_slide-PascalVOC-export/Annotations/ok_29_result_jy_HK_1611712105.7008832.jpg</path>
    <source>
        <database>Unknown</database>
    </source>
    <size>
        <width>260</width>
        <height>160</height>
        <depth>3</depth>
    </size>
    <segmented>0</segmented>
    <object>
    <name>target</name>
    <pose>Unspecified</pose>
    <truncated>0</truncated>
    <difficult>0</difficult>
    <bndbox>
        <xmin>139.42028985507247</xmin>
        <ymin>46.3768115942029</ymin>
        <xmax>191.8840579710145</xmax>
        <ymax>84.05797101449275</ymax>
    </bndbox>
</object>
</annotation>
