<annotation verified="yes">
    <folder>Annotation</folder>
    <filename>ok_25_result_jy_HK_1611712088.7580924.jpg</filename>
    <path>jy_slide-PascalVOC-export/Annotations/ok_25_result_jy_HK_1611712088.7580924.jpg</path>
    <source>
        <database>Unknown</database>
    </source>
    <size>
        <width>260</width>
        <height>160</height>
        <depth>3</depth>
    </size>
    <segmented>0</segmented>
    <object>
    <name>target</name>
    <pose>Unspecified</pose>
    <truncated>0</truncated>
    <difficult>0</difficult>
    <bndbox>
        <xmin>169.56521739130434</xmin>
        <ymin>61.44927536231884</ymin>
        <xmax>211.0144927536232</xmax>
        <ymax>101.73913043478262</ymax>
    </bndbox>
</object>
</annotation>
