<annotation verified="yes">
    <folder>Annotation</folder>
    <filename>ok_26_result_jy_HK_1611712093.1741848.jpg</filename>
    <path>jy_slide-PascalVOC-export/Annotations/ok_26_result_jy_HK_1611712093.1741848.jpg</path>
    <source>
        <database>Unknown</database>
    </source>
    <size>
        <width>260</width>
        <height>160</height>
        <depth>3</depth>
    </size>
    <segmented>0</segmented>
    <object>
    <name>target</name>
    <pose>Unspecified</pose>
    <truncated>0</truncated>
    <difficult>0</difficult>
    <bndbox>
        <xmin>84.6376811594203</xmin>
        <ymin>60.869565217391305</ymin>
        <xmax>126.3768115942029</xmax>
        <ymax>101.15942028985508</ymax>
    </bndbox>
</object>
</annotation>
