<annotation verified="yes">
    <folder>Annotation</folder>
    <filename>ok_23_result_jy_HK_1611712080.15651.jpg</filename>
    <path>jy_slide-PascalVOC-export/Annotations/ok_23_result_jy_HK_1611712080.15651.jpg</path>
    <source>
        <database>Unknown</database>
    </source>
    <size>
        <width>260</width>
        <height>160</height>
        <depth>3</depth>
    </size>
    <segmented>0</segmented>
    <object>
    <name>target</name>
    <pose>Unspecified</pose>
    <truncated>0</truncated>
    <difficult>0</difficult>
    <bndbox>
        <xmin>164.34782608695653</xmin>
        <ymin>62.02898550724638</ymin>
        <xmax>204.34782608695653</xmax>
        <ymax>99.42028985507247</ymax>
    </bndbox>
</object>
</annotation>
