<annotation verified="yes">
    <folder>Annotation</folder>
    <filename>ok_28_result_jy_HK_1611712101.6285117.jpg</filename>
    <path>jy_slide-PascalVOC-export/Annotations/ok_28_result_jy_HK_1611712101.6285117.jpg</path>
    <source>
        <database>Unknown</database>
    </source>
    <size>
        <width>260</width>
        <height>160</height>
        <depth>3</depth>
    </size>
    <segmented>0</segmented>
    <object>
    <name>target</name>
    <pose>Unspecified</pose>
    <truncated>0</truncated>
    <difficult>0</difficult>
    <bndbox>
        <xmin>125.5072463768116</xmin>
        <ymin>58.84057971014493</ymin>
        <xmax>167.53623188405797</xmax>
        <ymax>97.97101449275362</ymax>
    </bndbox>
</object>
</annotation>
