<annotation verified="yes">
    <folder>Annotation</folder>
    <filename>ok_24_result_jy_HK_1611712084.3222272.jpg</filename>
    <path>jy_slide-PascalVOC-export/Annotations/ok_24_result_jy_HK_1611712084.3222272.jpg</path>
    <source>
        <database>Unknown</database>
    </source>
    <size>
        <width>260</width>
        <height>160</height>
        <depth>3</depth>
    </size>
    <segmented>0</segmented>
    <object>
    <name>target</name>
    <pose>Unspecified</pose>
    <truncated>0</truncated>
    <difficult>0</difficult>
    <bndbox>
        <xmin>82.31884057971014</xmin>
        <ymin>57.391304347826086</ymin>
        <xmax>125.79710144927536</xmax>
        <ymax>97.10144927536231</ymax>
    </bndbox>
</object>
</annotation>
