<annotation verified="yes">
    <folder>Annotation</folder>
    <filename>ok_22_result_jy_HK_1611712076.0452816.jpg</filename>
    <path>jy_slide-PascalVOC-export/Annotations/ok_22_result_jy_HK_1611712076.0452816.jpg</path>
    <source>
        <database>Unknown</database>
    </source>
    <size>
        <width>260</width>
        <height>160</height>
        <depth>3</depth>
    </size>
    <segmented>0</segmented>
    <object>
    <name>target</name>
    <pose>Unspecified</pose>
    <truncated>0</truncated>
    <difficult>0</difficult>
    <bndbox>
        <xmin>179.42028985507247</xmin>
        <ymin>80.28985507246377</ymin>
        <xmax>226.95652173913044</xmax>
        <ymax>120.57971014492753</ymax>
    </bndbox>
</object>
</annotation>
