<annotation verified="yes">
    <folder>Annotation</folder>
    <filename>ok_39_result_jy_HK_1611712167.7028987.jpg</filename>
    <path>jy_slide-PascalVOC-export/Annotations/ok_39_result_jy_HK_1611712167.7028987.jpg</path>
    <source>
        <database>Unknown</database>
    </source>
    <size>
        <width>260</width>
        <height>160</height>
        <depth>3</depth>
    </size>
    <segmented>0</segmented>
    <object>
    <name>target</name>
    <pose>Unspecified</pose>
    <truncated>0</truncated>
    <difficult>0</difficult>
    <bndbox>
        <xmin>76.52173913043478</xmin>
        <ymin>99.71014492753623</ymin>
        <xmax>121.73913043478261</xmax>
        <ymax>139.42028985507247</ymax>
    </bndbox>
</object>
</annotation>
