<annotation verified="yes">
    <folder>Annotation</folder>
    <filename>ok_32_result_jy_HK_1611712138.4512675.jpg</filename>
    <path>jy_slide-PascalVOC-export/Annotations/ok_32_result_jy_HK_1611712138.4512675.jpg</path>
    <source>
        <database>Unknown</database>
    </source>
    <size>
        <width>260</width>
        <height>160</height>
        <depth>3</depth>
    </size>
    <segmented>0</segmented>
    <object>
    <name>target</name>
    <pose>Unspecified</pose>
    <truncated>0</truncated>
    <difficult>0</difficult>
    <bndbox>
        <xmin>166.08695652173913</xmin>
        <ymin>31.01449275362319</ymin>
        <xmax>207.82608695652175</xmax>
        <ymax>75.07246376811595</ymax>
    </bndbox>
</object>
</annotation>
