<annotation verified="yes">
    <folder>Annotation</folder>
    <filename>ok_36_result_jy_HK_1611712155.3226674.jpg</filename>
    <path>jy_slide-PascalVOC-export/Annotations/ok_36_result_jy_HK_1611712155.3226674.jpg</path>
    <source>
        <database>Unknown</database>
    </source>
    <size>
        <width>260</width>
        <height>160</height>
        <depth>3</depth>
    </size>
    <segmented>0</segmented>
    <object>
    <name>target</name>
    <pose>Unspecified</pose>
    <truncated>0</truncated>
    <difficult>0</difficult>
    <bndbox>
        <xmin>68.69565217391305</xmin>
        <ymin>24.92753623188406</ymin>
        <xmax>109.56521739130434</xmax>
        <ymax>64.34782608695653</ymax>
    </bndbox>
</object>
</annotation>
