<annotation verified="yes">
    <folder>Annotation</folder>
    <filename>ok_3_result_jy_HK_1611711745.4143946.jpg</filename>
    <path>jy_slide-PascalVOC-export/Annotations/ok_3_result_jy_HK_1611711745.4143946.jpg</path>
    <source>
        <database>Unknown</database>
    </source>
    <size>
        <width>260</width>
        <height>160</height>
        <depth>3</depth>
    </size>
    <segmented>0</segmented>
    <object>
    <name>target</name>
    <pose>Unspecified</pose>
    <truncated>0</truncated>
    <difficult>0</difficult>
    <bndbox>
        <xmin>133.33333333333334</xmin>
        <ymin>78.26086956521739</ymin>
        <xmax>180</xmax>
        <ymax>119.42028985507247</ymax>
    </bndbox>
</object>
</annotation>
