<annotation verified="yes">
    <folder>Annotation</folder>
    <filename>ok_3_result_jy_HK_1611711978.9972165.jpg</filename>
    <path>jy_slide-PascalVOC-export/Annotations/ok_3_result_jy_HK_1611711978.9972165.jpg</path>
    <source>
        <database>Unknown</database>
    </source>
    <size>
        <width>260</width>
        <height>160</height>
        <depth>3</depth>
    </size>
    <segmented>0</segmented>
    <object>
    <name>target</name>
    <pose>Unspecified</pose>
    <truncated>0</truncated>
    <difficult>0</difficult>
    <bndbox>
        <xmin>104.6376811594203</xmin>
        <ymin>59.710144927536234</ymin>
        <xmax>148.40579710144928</xmax>
        <ymax>102.02898550724638</ymax>
    </bndbox>
</object>
</annotation>
