<annotation verified="yes">
    <folder>Annotation</folder>
    <filename>ok_38_result_jy_HK_1611712163.6154792.jpg</filename>
    <path>jy_slide-PascalVOC-export/Annotations/ok_38_result_jy_HK_1611712163.6154792.jpg</path>
    <source>
        <database>Unknown</database>
    </source>
    <size>
        <width>260</width>
        <height>160</height>
        <depth>3</depth>
    </size>
    <segmented>0</segmented>
    <object>
    <name>target</name>
    <pose>Unspecified</pose>
    <truncated>0</truncated>
    <difficult>0</difficult>
    <bndbox>
        <xmin>123.18840579710145</xmin>
        <ymin>61.15942028985508</ymin>
        <xmax>172.7536231884058</xmax>
        <ymax>104.34782608695653</ymax>
    </bndbox>
</object>
</annotation>
