<annotation verified="yes">
    <folder>Annotation</folder>
    <filename>ok_37_result_jy_HK_1611712159.404217.jpg</filename>
    <path>jy_slide-PascalVOC-export/Annotations/ok_37_result_jy_HK_1611712159.404217.jpg</path>
    <source>
        <database>Unknown</database>
    </source>
    <size>
        <width>260</width>
        <height>160</height>
        <depth>3</depth>
    </size>
    <segmented>0</segmented>
    <object>
    <name>target</name>
    <pose>Unspecified</pose>
    <truncated>0</truncated>
    <difficult>0</difficult>
    <bndbox>
        <xmin>155.36231884057972</xmin>
        <ymin>57.971014492753625</ymin>
        <xmax>198.84057971014494</xmax>
        <ymax>103.18840579710145</ymax>
    </bndbox>
</object>
</annotation>
