<annotation verified="yes">
    <folder>Annotation</folder>
    <filename>ok_33_result_jy_HK_1611712143.069561.jpg</filename>
    <path>jy_slide-PascalVOC-export/Annotations/ok_33_result_jy_HK_1611712143.069561.jpg</path>
    <source>
        <database>Unknown</database>
    </source>
    <size>
        <width>260</width>
        <height>160</height>
        <depth>3</depth>
    </size>
    <segmented>0</segmented>
    <object>
    <name>target</name>
    <pose>Unspecified</pose>
    <truncated>0</truncated>
    <difficult>0</difficult>
    <bndbox>
        <xmin>114.4927536231884</xmin>
        <ymin>93.62318840579711</ymin>
        <xmax>165.5072463768116</xmax>
        <ymax>145.5072463768116</ymax>
    </bndbox>
</object>
</annotation>
