<annotation verified="yes">
    <folder>Annotation</folder>
    <filename>ok_31_result_jy_HK_1611712134.2463248.jpg</filename>
    <path>jy_slide-PascalVOC-export/Annotations/ok_31_result_jy_HK_1611712134.2463248.jpg</path>
    <source>
        <database>Unknown</database>
    </source>
    <size>
        <width>260</width>
        <height>160</height>
        <depth>3</depth>
    </size>
    <segmented>0</segmented>
    <object>
    <name>target</name>
    <pose>Unspecified</pose>
    <truncated>0</truncated>
    <difficult>0</difficult>
    <bndbox>
        <xmin>97.97101449275362</xmin>
        <ymin>70.14492753623189</ymin>
        <xmax>140</xmax>
        <ymax>116.52173913043478</ymax>
    </bndbox>
</object>
</annotation>
