<annotation verified="yes">
    <folder>Annotation</folder>
    <filename>ok_35_result_jy_HK_1611712151.3129702.jpg</filename>
    <path>jy_slide-PascalVOC-export/Annotations/ok_35_result_jy_HK_1611712151.3129702.jpg</path>
    <source>
        <database>Unknown</database>
    </source>
    <size>
        <width>260</width>
        <height>160</height>
        <depth>3</depth>
    </size>
    <segmented>0</segmented>
    <object>
    <name>target</name>
    <pose>Unspecified</pose>
    <truncated>0</truncated>
    <difficult>0</difficult>
    <bndbox>
        <xmin>179.1304347826087</xmin>
        <ymin>61.73913043478261</ymin>
        <xmax>223.47826086956522</xmax>
        <ymax>106.3768115942029</ymax>
    </bndbox>
</object>
</annotation>
