<annotation verified="yes">
    <folder>Annotation</folder>
    <filename>ok_34_result_jy_HK_1611712147.2414107.jpg</filename>
    <path>jy_slide-PascalVOC-export/Annotations/ok_34_result_jy_HK_1611712147.2414107.jpg</path>
    <source>
        <database>Unknown</database>
    </source>
    <size>
        <width>260</width>
        <height>160</height>
        <depth>3</depth>
    </size>
    <segmented>0</segmented>
    <object>
    <name>target</name>
    <pose>Unspecified</pose>
    <truncated>0</truncated>
    <difficult>0</difficult>
    <bndbox>
        <xmin>137.68115942028987</xmin>
        <ymin>65.79710144927536</ymin>
        <xmax>185.21739130434784</xmax>
        <ymax>103.76811594202898</ymax>
    </bndbox>
</object>
</annotation>
