<annotation verified="yes">
    <folder>Annotation</folder>
    <filename>ok_30_result_jy_HK_1611712109.8998802.jpg</filename>
    <path>jy_slide-PascalVOC-export/Annotations/ok_30_result_jy_HK_1611712109.8998802.jpg</path>
    <source>
        <database>Unknown</database>
    </source>
    <size>
        <width>260</width>
        <height>160</height>
        <depth>3</depth>
    </size>
    <segmented>0</segmented>
    <object>
    <name>target</name>
    <pose>Unspecified</pose>
    <truncated>0</truncated>
    <difficult>0</difficult>
    <bndbox>
        <xmin>130.14492753623188</xmin>
        <ymin>28.985507246376812</ymin>
        <xmax>177.1014492753623</xmax>
        <ymax>70.14492753623188</ymax>
    </bndbox>
</object>
</annotation>
