<annotation verified="yes">
    <folder>Annotation</folder>
    <filename>ok_45_result_jy_HK_1611712192.1596644.jpg</filename>
    <path>jy_slide-PascalVOC-export/Annotations/ok_45_result_jy_HK_1611712192.1596644.jpg</path>
    <source>
        <database>Unknown</database>
    </source>
    <size>
        <width>260</width>
        <height>160</height>
        <depth>3</depth>
    </size>
    <segmented>0</segmented>
    <object>
    <name>target</name>
    <pose>Unspecified</pose>
    <truncated>0</truncated>
    <difficult>0</difficult>
    <bndbox>
        <xmin>180.28985507246378</xmin>
        <ymin>62.02898550724638</ymin>
        <xmax>223.768115942029</xmax>
        <ymax>106.08695652173914</ymax>
    </bndbox>
</object>
</annotation>
