<annotation verified="yes">
    <folder>Annotation</folder>
    <filename>ok_43_result_jy_HK_1611712184.0793052.jpg</filename>
    <path>jy_slide-PascalVOC-export/Annotations/ok_43_result_jy_HK_1611712184.0793052.jpg</path>
    <source>
        <database>Unknown</database>
    </source>
    <size>
        <width>260</width>
        <height>160</height>
        <depth>3</depth>
    </size>
    <segmented>0</segmented>
    <object>
    <name>target</name>
    <pose>Unspecified</pose>
    <truncated>0</truncated>
    <difficult>0</difficult>
    <bndbox>
        <xmin>56.52173913043478</xmin>
        <ymin>71.59420289855073</ymin>
        <xmax>104.92753623188406</xmax>
        <ymax>117.10144927536233</ymax>
    </bndbox>
</object>
</annotation>
