<annotation verified="yes">
    <folder>Annotation</folder>
    <filename>ok_49_result_jy_HK_1611712228.7030413.jpg</filename>
    <path>jy_slide-PascalVOC-export/Annotations/ok_49_result_jy_HK_1611712228.7030413.jpg</path>
    <source>
        <database>Unknown</database>
    </source>
    <size>
        <width>260</width>
        <height>160</height>
        <depth>3</depth>
    </size>
    <segmented>0</segmented>
    <object>
    <name>target</name>
    <pose>Unspecified</pose>
    <truncated>0</truncated>
    <difficult>0</difficult>
    <bndbox>
        <xmin>168.9855072463768</xmin>
        <ymin>61.73913043478261</ymin>
        <xmax>211.30434782608697</xmax>
        <ymax>101.73913043478261</ymax>
    </bndbox>
</object>
</annotation>
