<annotation verified="yes">
    <folder>Annotation</folder>
    <filename>ok_4_result_jy_HK_1611711983.0874307.jpg</filename>
    <path>jy_slide-PascalVOC-export/Annotations/ok_4_result_jy_HK_1611711983.0874307.jpg</path>
    <source>
        <database>Unknown</database>
    </source>
    <size>
        <width>260</width>
        <height>160</height>
        <depth>3</depth>
    </size>
    <segmented>0</segmented>
    <object>
    <name>target</name>
    <pose>Unspecified</pose>
    <truncated>0</truncated>
    <difficult>0</difficult>
    <bndbox>
        <xmin>142.31884057971016</xmin>
        <ymin>49.56521739130435</ymin>
        <xmax>188.69565217391306</xmax>
        <ymax>95.36231884057972</ymax>
    </bndbox>
</object>
</annotation>
