<annotation verified="yes">
    <folder>Annotation</folder>
    <filename>ok_40_result_jy_HK_1611712171.8310833.jpg</filename>
    <path>jy_slide-PascalVOC-export/Annotations/ok_40_result_jy_HK_1611712171.8310833.jpg</path>
    <source>
        <database>Unknown</database>
    </source>
    <size>
        <width>260</width>
        <height>160</height>
        <depth>3</depth>
    </size>
    <segmented>0</segmented>
    <object>
    <name>target</name>
    <pose>Unspecified</pose>
    <truncated>0</truncated>
    <difficult>0</difficult>
    <bndbox>
        <xmin>86.3768115942029</xmin>
        <ymin>74.4927536231884</ymin>
        <xmax>127.82608695652175</xmax>
        <ymax>115.36231884057972</ymax>
    </bndbox>
</object>
</annotation>
