<annotation verified="yes">
    <folder>Annotation</folder>
    <filename>ok_46_result_jy_HK_1611712216.4993546.jpg</filename>
    <path>jy_slide-PascalVOC-export/Annotations/ok_46_result_jy_HK_1611712216.4993546.jpg</path>
    <source>
        <database>Unknown</database>
    </source>
    <size>
        <width>260</width>
        <height>160</height>
        <depth>3</depth>
    </size>
    <segmented>0</segmented>
    <object>
    <name>target</name>
    <pose>Unspecified</pose>
    <truncated>0</truncated>
    <difficult>0</difficult>
    <bndbox>
        <xmin>108.11594202898551</xmin>
        <ymin>75.07246376811594</ymin>
        <xmax>148.9855072463768</xmax>
        <ymax>114.4927536231884</ymax>
    </bndbox>
</object>
</annotation>
