<annotation verified="yes">
    <folder>Annotation</folder>
    <filename>ok_42_result_jy_HK_1611712179.9709713.jpg</filename>
    <path>jy_slide-PascalVOC-export/Annotations/ok_42_result_jy_HK_1611712179.9709713.jpg</path>
    <source>
        <database>Unknown</database>
    </source>
    <size>
        <width>260</width>
        <height>160</height>
        <depth>3</depth>
    </size>
    <segmented>0</segmented>
    <object>
    <name>target</name>
    <pose>Unspecified</pose>
    <truncated>0</truncated>
    <difficult>0</difficult>
    <bndbox>
        <xmin>175.6521739130435</xmin>
        <ymin>46.66666666666667</ymin>
        <xmax>225.79710144927537</xmax>
        <ymax>86.08695652173914</ymax>
    </bndbox>
</object>
</annotation>
