<annotation verified="yes">
    <folder>Annotation</folder>
    <filename>ok_47_result_jy_HK_1611712220.508401.jpg</filename>
    <path>jy_slide-PascalVOC-export/Annotations/ok_47_result_jy_HK_1611712220.508401.jpg</path>
    <source>
        <database>Unknown</database>
    </source>
    <size>
        <width>260</width>
        <height>160</height>
        <depth>3</depth>
    </size>
    <segmented>0</segmented>
    <object>
    <name>target</name>
    <pose>Unspecified</pose>
    <truncated>0</truncated>
    <difficult>0</difficult>
    <bndbox>
        <xmin>126.3768115942029</xmin>
        <ymin>69.56521739130434</ymin>
        <xmax>166.66666666666669</xmax>
        <ymax>108.40579710144928</ymax>
    </bndbox>
</object>
</annotation>
