<annotation verified="yes">
    <folder>Annotation</folder>
    <filename>ok_44_result_jy_HK_1611712188.0930579.jpg</filename>
    <path>jy_slide-PascalVOC-export/Annotations/ok_44_result_jy_HK_1611712188.0930579.jpg</path>
    <source>
        <database>Unknown</database>
    </source>
    <size>
        <width>260</width>
        <height>160</height>
        <depth>3</depth>
    </size>
    <segmented>0</segmented>
    <object>
    <name>target</name>
    <pose>Unspecified</pose>
    <truncated>0</truncated>
    <difficult>0</difficult>
    <bndbox>
        <xmin>144.63768115942028</xmin>
        <ymin>57.391304347826086</ymin>
        <xmax>187.82608695652175</xmax>
        <ymax>95.94202898550725</ymax>
    </bndbox>
</object>
</annotation>
