<annotation verified="yes">
    <folder>Annotation</folder>
    <filename>ok_41_result_jy_HK_1611712175.9866228.jpg</filename>
    <path>jy_slide-PascalVOC-export/Annotations/ok_41_result_jy_HK_1611712175.9866228.jpg</path>
    <source>
        <database>Unknown</database>
    </source>
    <size>
        <width>260</width>
        <height>160</height>
        <depth>3</depth>
    </size>
    <segmented>0</segmented>
    <object>
    <name>target</name>
    <pose>Unspecified</pose>
    <truncated>0</truncated>
    <difficult>0</difficult>
    <bndbox>
        <xmin>87.53623188405797</xmin>
        <ymin>38.84057971014493</ymin>
        <xmax>133.33333333333334</xmax>
        <ymax>78.2608695652174</ymax>
    </bndbox>
</object>
</annotation>
