<annotation verified="yes">
    <folder>Annotation</folder>
    <filename>ok_4_result_jy_HK_1611711748.8385515.jpg</filename>
    <path>jy_slide-PascalVOC-export/Annotations/ok_4_result_jy_HK_1611711748.8385515.jpg</path>
    <source>
        <database>Unknown</database>
    </source>
    <size>
        <width>260</width>
        <height>160</height>
        <depth>3</depth>
    </size>
    <segmented>0</segmented>
    <object>
    <name>target</name>
    <pose>Unspecified</pose>
    <truncated>0</truncated>
    <difficult>0</difficult>
    <bndbox>
        <xmin>144.63768115942028</xmin>
        <ymin>69.56521739130434</ymin>
        <xmax>186.66666666666666</xmax>
        <ymax>113.6231884057971</ymax>
    </bndbox>
</object>
</annotation>
