<annotation verified="yes">
    <folder>Annotation</folder>
    <filename>ok_56_result_jy_HK_1611712257.221598.jpg</filename>
    <path>jy_slide-PascalVOC-export/Annotations/ok_56_result_jy_HK_1611712257.221598.jpg</path>
    <source>
        <database>Unknown</database>
    </source>
    <size>
        <width>260</width>
        <height>160</height>
        <depth>3</depth>
    </size>
    <segmented>0</segmented>
    <object>
    <name>target</name>
    <pose>Unspecified</pose>
    <truncated>0</truncated>
    <difficult>0</difficult>
    <bndbox>
        <xmin>177.97101449275362</xmin>
        <ymin>78.55072463768116</ymin>
        <xmax>221.44927536231884</xmax>
        <ymax>118.84057971014494</ymax>
    </bndbox>
</object>
</annotation>
