<annotation verified="yes">
    <folder>Annotation</folder>
    <filename>ok_59_result_jy_HK_1611712269.500061.jpg</filename>
    <path>jy_slide-PascalVOC-export/Annotations/ok_59_result_jy_HK_1611712269.500061.jpg</path>
    <source>
        <database>Unknown</database>
    </source>
    <size>
        <width>260</width>
        <height>160</height>
        <depth>3</depth>
    </size>
    <segmented>0</segmented>
    <object>
    <name>target</name>
    <pose>Unspecified</pose>
    <truncated>0</truncated>
    <difficult>0</difficult>
    <bndbox>
        <xmin>134.7826086956522</xmin>
        <ymin>69.56521739130434</ymin>
        <xmax>180.57971014492756</xmax>
        <ymax>110.14492753623188</ymax>
    </bndbox>
</object>
</annotation>
