<annotation verified="yes">
    <folder>Annotation</folder>
    <filename>ok_51_result_jy_HK_1611712237.0454571.jpg</filename>
    <path>jy_slide-PascalVOC-export/Annotations/ok_51_result_jy_HK_1611712237.0454571.jpg</path>
    <source>
        <database>Unknown</database>
    </source>
    <size>
        <width>260</width>
        <height>160</height>
        <depth>3</depth>
    </size>
    <segmented>0</segmented>
    <object>
    <name>target</name>
    <pose>Unspecified</pose>
    <truncated>0</truncated>
    <difficult>0</difficult>
    <bndbox>
        <xmin>153.6231884057971</xmin>
        <ymin>25.217391304347828</ymin>
        <xmax>205.5072463768116</xmax>
        <ymax>63.76811594202899</ymax>
    </bndbox>
</object>
</annotation>
