<annotation verified="yes">
    <folder>Annotation</folder>
    <filename>ok_5_result_jy_HK_1611711752.3934405.jpg</filename>
    <path>jy_slide-PascalVOC-export/Annotations/ok_5_result_jy_HK_1611711752.3934405.jpg</path>
    <source>
        <database>Unknown</database>
    </source>
    <size>
        <width>260</width>
        <height>160</height>
        <depth>3</depth>
    </size>
    <segmented>0</segmented>
    <object>
    <name>target</name>
    <pose>Unspecified</pose>
    <truncated>0</truncated>
    <difficult>0</difficult>
    <bndbox>
        <xmin>103.18840579710145</xmin>
        <ymin>36.52173913043478</ymin>
        <xmax>146.3768115942029</xmax>
        <ymax>81.73913043478261</ymax>
    </bndbox>
</object>
</annotation>
