<annotation verified="yes">
    <folder>Annotation</folder>
    <filename>ok_52_result_jy_HK_1611712241.0395458.jpg</filename>
    <path>jy_slide-PascalVOC-export/Annotations/ok_52_result_jy_HK_1611712241.0395458.jpg</path>
    <source>
        <database>Unknown</database>
    </source>
    <size>
        <width>260</width>
        <height>160</height>
        <depth>3</depth>
    </size>
    <segmented>0</segmented>
    <object>
    <name>target</name>
    <pose>Unspecified</pose>
    <truncated>0</truncated>
    <difficult>0</difficult>
    <bndbox>
        <xmin>160.57971014492753</xmin>
        <ymin>45.79710144927537</ymin>
        <xmax>202.31884057971013</xmax>
        <ymax>87.82608695652175</ymax>
    </bndbox>
</object>
</annotation>
