<annotation verified="yes">
    <folder>Annotation</folder>
    <filename>ok_58_result_jy_HK_1611712265.3102906.jpg</filename>
    <path>jy_slide-PascalVOC-export/Annotations/ok_58_result_jy_HK_1611712265.3102906.jpg</path>
    <source>
        <database>Unknown</database>
    </source>
    <size>
        <width>260</width>
        <height>160</height>
        <depth>3</depth>
    </size>
    <segmented>0</segmented>
    <object>
    <name>target</name>
    <pose>Unspecified</pose>
    <truncated>0</truncated>
    <difficult>0</difficult>
    <bndbox>
        <xmin>117.10144927536233</xmin>
        <ymin>78.26086956521739</ymin>
        <xmax>167.24637681159422</xmax>
        <ymax>120</ymax>
    </bndbox>
</object>
</annotation>
