<annotation verified="yes">
    <folder>Annotation</folder>
    <filename>ok_50_result_jy_HK_1611712233.0857675.jpg</filename>
    <path>jy_slide-PascalVOC-export/Annotations/ok_50_result_jy_HK_1611712233.0857675.jpg</path>
    <source>
        <database>Unknown</database>
    </source>
    <size>
        <width>260</width>
        <height>160</height>
        <depth>3</depth>
    </size>
    <segmented>0</segmented>
    <object>
    <name>target</name>
    <pose>Unspecified</pose>
    <truncated>0</truncated>
    <difficult>0</difficult>
    <bndbox>
        <xmin>135.94202898550725</xmin>
        <ymin>69.85507246376812</ymin>
        <xmax>183.47826086956522</xmax>
        <ymax>115.36231884057972</ymax>
    </bndbox>
</object>
</annotation>
