<annotation verified="yes">
    <folder>Annotation</folder>
    <filename>ok_55_result_jy_HK_1611712253.2107177.jpg</filename>
    <path>jy_slide-PascalVOC-export/Annotations/ok_55_result_jy_HK_1611712253.2107177.jpg</path>
    <source>
        <database>Unknown</database>
    </source>
    <size>
        <width>260</width>
        <height>160</height>
        <depth>3</depth>
    </size>
    <segmented>0</segmented>
    <object>
    <name>target</name>
    <pose>Unspecified</pose>
    <truncated>0</truncated>
    <difficult>0</difficult>
    <bndbox>
        <xmin>48.69565217391305</xmin>
        <ymin>16.521739130434785</ymin>
        <xmax>93.33333333333334</xmax>
        <ymax>57.10144927536233</ymax>
    </bndbox>
</object>
</annotation>
