<annotation verified="yes">
    <folder>Annotation</folder>
    <filename>ok_5_result_jy_HK_1611711986.9991887.jpg</filename>
    <path>jy_slide-PascalVOC-export/Annotations/ok_5_result_jy_HK_1611711986.9991887.jpg</path>
    <source>
        <database>Unknown</database>
    </source>
    <size>
        <width>260</width>
        <height>160</height>
        <depth>3</depth>
    </size>
    <segmented>0</segmented>
    <object>
    <name>target</name>
    <pose>Unspecified</pose>
    <truncated>0</truncated>
    <difficult>0</difficult>
    <bndbox>
        <xmin>82.60869565217392</xmin>
        <ymin>76.23188405797102</ymin>
        <xmax>132.46376811594203</xmax>
        <ymax>121.15942028985508</ymax>
    </bndbox>
</object>
</annotation>
