<annotation verified="yes">
    <folder>Annotation</folder>
    <filename>ok_54_result_jy_HK_1611712249.1962361.jpg</filename>
    <path>jy_slide-PascalVOC-export/Annotations/ok_54_result_jy_HK_1611712249.1962361.jpg</path>
    <source>
        <database>Unknown</database>
    </source>
    <size>
        <width>260</width>
        <height>160</height>
        <depth>3</depth>
    </size>
    <segmented>0</segmented>
    <object>
    <name>target</name>
    <pose>Unspecified</pose>
    <truncated>0</truncated>
    <difficult>0</difficult>
    <bndbox>
        <xmin>68.40579710144928</xmin>
        <ymin>72.17391304347827</ymin>
        <xmax>113.91304347826087</xmax>
        <ymax>116.52173913043478</ymax>
    </bndbox>
</object>
</annotation>
