<annotation verified="yes">
    <folder>Annotation</folder>
    <filename>ok_53_result_jy_HK_1611712245.1391575.jpg</filename>
    <path>jy_slide-PascalVOC-export/Annotations/ok_53_result_jy_HK_1611712245.1391575.jpg</path>
    <source>
        <database>Unknown</database>
    </source>
    <size>
        <width>260</width>
        <height>160</height>
        <depth>3</depth>
    </size>
    <segmented>0</segmented>
    <object>
    <name>target</name>
    <pose>Unspecified</pose>
    <truncated>0</truncated>
    <difficult>0</difficult>
    <bndbox>
        <xmin>140.28985507246378</xmin>
        <ymin>73.62318840579711</ymin>
        <xmax>181.73913043478262</xmax>
        <ymax>113.04347826086958</ymax>
    </bndbox>
</object>
</annotation>
