<annotation verified="yes">
    <folder>Annotation</folder>
    <filename>ok_68_result_jy_HK_1611712326.5061042.jpg</filename>
    <path>jy_slide-PascalVOC-export/Annotations/ok_68_result_jy_HK_1611712326.5061042.jpg</path>
    <source>
        <database>Unknown</database>
    </source>
    <size>
        <width>260</width>
        <height>160</height>
        <depth>3</depth>
    </size>
    <segmented>0</segmented>
    <object>
    <name>target</name>
    <pose>Unspecified</pose>
    <truncated>0</truncated>
    <difficult>0</difficult>
    <bndbox>
        <xmin>80.86956521739131</xmin>
        <ymin>81.44927536231884</ymin>
        <xmax>123.18840579710147</xmax>
        <ymax>120.28985507246378</ymax>
    </bndbox>
</object>
</annotation>
