<annotation verified="yes">
    <folder>Annotation</folder>
    <filename>ok_60_result_jy_HK_1611712273.6082196.jpg</filename>
    <path>jy_slide-PascalVOC-export/Annotations/ok_60_result_jy_HK_1611712273.6082196.jpg</path>
    <source>
        <database>Unknown</database>
    </source>
    <size>
        <width>260</width>
        <height>160</height>
        <depth>3</depth>
    </size>
    <segmented>0</segmented>
    <object>
    <name>target</name>
    <pose>Unspecified</pose>
    <truncated>0</truncated>
    <difficult>0</difficult>
    <bndbox>
        <xmin>165.21739130434784</xmin>
        <ymin>61.15942028985508</ymin>
        <xmax>204.34782608695653</xmax>
        <ymax>99.1304347826087</ymax>
    </bndbox>
</object>
</annotation>
