<annotation verified="yes">
    <folder>Annotation</folder>
    <filename>ok_67_result_jy_HK_1611712322.5448306.jpg</filename>
    <path>jy_slide-PascalVOC-export/Annotations/ok_67_result_jy_HK_1611712322.5448306.jpg</path>
    <source>
        <database>Unknown</database>
    </source>
    <size>
        <width>260</width>
        <height>160</height>
        <depth>3</depth>
    </size>
    <segmented>0</segmented>
    <object>
    <name>target</name>
    <pose>Unspecified</pose>
    <truncated>0</truncated>
    <difficult>0</difficult>
    <bndbox>
        <xmin>137.3913043478261</xmin>
        <ymin>64.6376811594203</ymin>
        <xmax>185.21739130434784</xmax>
        <ymax>104.92753623188406</ymax>
    </bndbox>
</object>
</annotation>
