<annotation verified="yes">
    <folder>Annotation</folder>
    <filename>ok_62_result_jy_HK_1611712301.8715825.jpg</filename>
    <path>jy_slide-PascalVOC-export/Annotations/ok_62_result_jy_HK_1611712301.8715825.jpg</path>
    <source>
        <database>Unknown</database>
    </source>
    <size>
        <width>260</width>
        <height>160</height>
        <depth>3</depth>
    </size>
    <segmented>0</segmented>
    <object>
    <name>target</name>
    <pose>Unspecified</pose>
    <truncated>0</truncated>
    <difficult>0</difficult>
    <bndbox>
        <xmin>139.42028985507247</xmin>
        <ymin>42.028985507246375</ymin>
        <xmax>189.56521739130434</xmax>
        <ymax>80.86956521739131</ymax>
    </bndbox>
</object>
</annotation>
