<annotation verified="yes">
    <folder>Annotation</folder>
    <filename>ok_66_result_jy_HK_1611712318.537795.jpg</filename>
    <path>jy_slide-PascalVOC-export/Annotations/ok_66_result_jy_HK_1611712318.537795.jpg</path>
    <source>
        <database>Unknown</database>
    </source>
    <size>
        <width>260</width>
        <height>160</height>
        <depth>3</depth>
    </size>
    <segmented>0</segmented>
    <object>
    <name>target</name>
    <pose>Unspecified</pose>
    <truncated>0</truncated>
    <difficult>0</difficult>
    <bndbox>
        <xmin>78.55072463768116</xmin>
        <ymin>13.913043478260871</ymin>
        <xmax>119.71014492753622</xmax>
        <ymax>62.89855072463769</ymax>
    </bndbox>
</object>
</annotation>
