<annotation verified="yes">
    <folder>Annotation</folder>
    <filename>ok_69_result_jy_HK_1611712330.486798.jpg</filename>
    <path>jy_slide-PascalVOC-export/Annotations/ok_69_result_jy_HK_1611712330.486798.jpg</path>
    <source>
        <database>Unknown</database>
    </source>
    <size>
        <width>260</width>
        <height>160</height>
        <depth>3</depth>
    </size>
    <segmented>0</segmented>
    <object>
    <name>target</name>
    <pose>Unspecified</pose>
    <truncated>0</truncated>
    <difficult>0</difficult>
    <bndbox>
        <xmin>82.02898550724638</xmin>
        <ymin>66.95652173913044</ymin>
        <xmax>132.46376811594203</xmax>
        <ymax>106.3768115942029</ymax>
    </bndbox>
</object>
</annotation>
