<annotation verified="yes">
    <folder>Annotation</folder>
    <filename>ok_64_result_jy_HK_1611712310.2792037.jpg</filename>
    <path>jy_slide-PascalVOC-export/Annotations/ok_64_result_jy_HK_1611712310.2792037.jpg</path>
    <source>
        <database>Unknown</database>
    </source>
    <size>
        <width>260</width>
        <height>160</height>
        <depth>3</depth>
    </size>
    <segmented>0</segmented>
    <object>
    <name>target</name>
    <pose>Unspecified</pose>
    <truncated>0</truncated>
    <difficult>0</difficult>
    <bndbox>
        <xmin>47.2463768115942</xmin>
        <ymin>68.98550724637681</ymin>
        <xmax>94.78260869565219</xmax>
        <ymax>119.13043478260869</ymax>
    </bndbox>
</object>
</annotation>
