<annotation verified="yes">
    <folder>Annotation</folder>
    <filename>ok_61_result_jy_HK_1611712297.8340373.jpg</filename>
    <path>jy_slide-PascalVOC-export/Annotations/ok_61_result_jy_HK_1611712297.8340373.jpg</path>
    <source>
        <database>Unknown</database>
    </source>
    <size>
        <width>260</width>
        <height>160</height>
        <depth>3</depth>
    </size>
    <segmented>0</segmented>
    <object>
    <name>target</name>
    <pose>Unspecified</pose>
    <truncated>0</truncated>
    <difficult>0</difficult>
    <bndbox>
        <xmin>58.84057971014493</xmin>
        <ymin>79.71014492753623</ymin>
        <xmax>107.53623188405797</xmax>
        <ymax>117.3913043478261</ymax>
    </bndbox>
</object>
</annotation>
