<annotation verified="yes">
    <folder>Annotation</folder>
    <filename>ok_6_result_jy_HK_1611711991.37996.jpg</filename>
    <path>jy_slide-PascalVOC-export/Annotations/ok_6_result_jy_HK_1611711991.37996.jpg</path>
    <source>
        <database>Unknown</database>
    </source>
    <size>
        <width>260</width>
        <height>160</height>
        <depth>3</depth>
    </size>
    <segmented>0</segmented>
    <object>
    <name>target</name>
    <pose>Unspecified</pose>
    <truncated>0</truncated>
    <difficult>0</difficult>
    <bndbox>
        <xmin>125.79710144927537</xmin>
        <ymin>73.04347826086956</ymin>
        <xmax>170.43478260869566</xmax>
        <ymax>113.6231884057971</ymax>
    </bndbox>
</object>
</annotation>
