<annotation verified="yes">
    <folder>Annotation</folder>
    <filename>ok_63_result_jy_HK_1611712306.0425627.jpg</filename>
    <path>jy_slide-PascalVOC-export/Annotations/ok_63_result_jy_HK_1611712306.0425627.jpg</path>
    <source>
        <database>Unknown</database>
    </source>
    <size>
        <width>260</width>
        <height>160</height>
        <depth>3</depth>
    </size>
    <segmented>0</segmented>
    <object>
    <name>target</name>
    <pose>Unspecified</pose>
    <truncated>0</truncated>
    <difficult>0</difficult>
    <bndbox>
        <xmin>69.27536231884058</xmin>
        <ymin>23.768115942028988</ymin>
        <xmax>108.98550724637681</xmax>
        <ymax>65.5072463768116</ymax>
    </bndbox>
</object>
</annotation>
