<annotation verified="yes">
    <folder>Annotation</folder>
    <filename>ok_65_result_jy_HK_1611712314.3997157.jpg</filename>
    <path>jy_slide-PascalVOC-export/Annotations/ok_65_result_jy_HK_1611712314.3997157.jpg</path>
    <source>
        <database>Unknown</database>
    </source>
    <size>
        <width>260</width>
        <height>160</height>
        <depth>3</depth>
    </size>
    <segmented>0</segmented>
    <object>
    <name>target</name>
    <pose>Unspecified</pose>
    <truncated>0</truncated>
    <difficult>0</difficult>
    <bndbox>
        <xmin>107.82608695652175</xmin>
        <ymin>35.36231884057971</ymin>
        <xmax>157.1014492753623</xmax>
        <ymax>81.73913043478261</ymax>
    </bndbox>
</object>
</annotation>
