<annotation verified="yes">
    <folder>Annotation</folder>
    <filename>ok_6_result_jy_HK_1611711755.993202.jpg</filename>
    <path>jy_slide-PascalVOC-export/Annotations/ok_6_result_jy_HK_1611711755.993202.jpg</path>
    <source>
        <database>Unknown</database>
    </source>
    <size>
        <width>260</width>
        <height>160</height>
        <depth>3</depth>
    </size>
    <segmented>0</segmented>
    <object>
    <name>target</name>
    <pose>Unspecified</pose>
    <truncated>0</truncated>
    <difficult>0</difficult>
    <bndbox>
        <xmin>148.40579710144928</xmin>
        <ymin>72.7536231884058</ymin>
        <xmax>189.2753623188406</xmax>
        <ymax>116.81159420289856</ymax>
    </bndbox>
</object>
</annotation>
