<annotation verified="yes">
    <folder>Annotation</folder>
    <filename>ok_75_result_jy_HK_1611712355.3686182.jpg</filename>
    <path>jy_slide-PascalVOC-export/Annotations/ok_75_result_jy_HK_1611712355.3686182.jpg</path>
    <source>
        <database>Unknown</database>
    </source>
    <size>
        <width>260</width>
        <height>160</height>
        <depth>3</depth>
    </size>
    <segmented>0</segmented>
    <object>
    <name>target</name>
    <pose>Unspecified</pose>
    <truncated>0</truncated>
    <difficult>0</difficult>
    <bndbox>
        <xmin>126.08695652173914</xmin>
        <ymin>61.15942028985508</ymin>
        <xmax>167.82608695652175</xmax>
        <ymax>97.68115942028986</ymax>
    </bndbox>
</object>
</annotation>
