<annotation verified="yes">
    <folder>Annotation</folder>
    <filename>ok_77_result_jy_HK_1611712383.731799.jpg</filename>
    <path>jy_slide-PascalVOC-export/Annotations/ok_77_result_jy_HK_1611712383.731799.jpg</path>
    <source>
        <database>Unknown</database>
    </source>
    <size>
        <width>260</width>
        <height>160</height>
        <depth>3</depth>
    </size>
    <segmented>0</segmented>
    <object>
    <name>target</name>
    <pose>Unspecified</pose>
    <truncated>0</truncated>
    <difficult>0</difficult>
    <bndbox>
        <xmin>120.57971014492755</xmin>
        <ymin>23.47826086956522</ymin>
        <xmax>167.24637681159422</xmax>
        <ymax>67.2463768115942</ymax>
    </bndbox>
</object>
</annotation>
