<annotation verified="yes">
    <folder>Annotation</folder>
    <filename>ok_70_result_jy_HK_1611712334.6235917.jpg</filename>
    <path>jy_slide-PascalVOC-export/Annotations/ok_70_result_jy_HK_1611712334.6235917.jpg</path>
    <source>
        <database>Unknown</database>
    </source>
    <size>
        <width>260</width>
        <height>160</height>
        <depth>3</depth>
    </size>
    <segmented>0</segmented>
    <object>
    <name>target</name>
    <pose>Unspecified</pose>
    <truncated>0</truncated>
    <difficult>0</difficult>
    <bndbox>
        <xmin>138.84057971014494</xmin>
        <ymin>73.04347826086956</ymin>
        <xmax>183.18840579710147</xmax>
        <ymax>112.17391304347825</ymax>
    </bndbox>
</object>
</annotation>
