<annotation verified="yes">
    <folder>Annotation</folder>
    <filename>ok_79_result_jy_HK_1611712391.8690326.jpg</filename>
    <path>jy_slide-PascalVOC-export/Annotations/ok_79_result_jy_HK_1611712391.8690326.jpg</path>
    <source>
        <database>Unknown</database>
    </source>
    <size>
        <width>260</width>
        <height>160</height>
        <depth>3</depth>
    </size>
    <segmented>0</segmented>
    <object>
    <name>target</name>
    <pose>Unspecified</pose>
    <truncated>0</truncated>
    <difficult>0</difficult>
    <bndbox>
        <xmin>153.04347826086956</xmin>
        <ymin>59.130434782608695</ymin>
        <xmax>199.1304347826087</xmax>
        <ymax>100</ymax>
    </bndbox>
</object>
</annotation>
