<annotation verified="yes">
    <folder>Annotation</folder>
    <filename>ok_78_result_jy_HK_1611712387.7727273.jpg</filename>
    <path>jy_slide-PascalVOC-export/Annotations/ok_78_result_jy_HK_1611712387.7727273.jpg</path>
    <source>
        <database>Unknown</database>
    </source>
    <size>
        <width>260</width>
        <height>160</height>
        <depth>3</depth>
    </size>
    <segmented>0</segmented>
    <object>
    <name>target</name>
    <pose>Unspecified</pose>
    <truncated>0</truncated>
    <difficult>0</difficult>
    <bndbox>
        <xmin>173.04347826086956</xmin>
        <ymin>72.7536231884058</ymin>
        <xmax>214.4927536231884</xmax>
        <ymax>119.71014492753623</ymax>
    </bndbox>
</object>
</annotation>
