<annotation verified="yes">
    <folder>Annotation</folder>
    <filename>ok_72_result_jy_HK_1611712342.9915903.jpg</filename>
    <path>jy_slide-PascalVOC-export/Annotations/ok_72_result_jy_HK_1611712342.9915903.jpg</path>
    <source>
        <database>Unknown</database>
    </source>
    <size>
        <width>260</width>
        <height>160</height>
        <depth>3</depth>
    </size>
    <segmented>0</segmented>
    <object>
    <name>target</name>
    <pose>Unspecified</pose>
    <truncated>0</truncated>
    <difficult>0</difficult>
    <bndbox>
        <xmin>124.6376811594203</xmin>
        <ymin>70.43478260869566</ymin>
        <xmax>174.20289855072465</xmax>
        <ymax>122.31884057971016</ymax>
    </bndbox>
</object>
</annotation>
