<annotation verified="yes">
    <folder>Annotation</folder>
    <filename>ok_73_result_jy_HK_1611712347.1005573.jpg</filename>
    <path>jy_slide-PascalVOC-export/Annotations/ok_73_result_jy_HK_1611712347.1005573.jpg</path>
    <source>
        <database>Unknown</database>
    </source>
    <size>
        <width>260</width>
        <height>160</height>
        <depth>3</depth>
    </size>
    <segmented>0</segmented>
    <object>
    <name>target</name>
    <pose>Unspecified</pose>
    <truncated>0</truncated>
    <difficult>0</difficult>
    <bndbox>
        <xmin>101.15942028985508</xmin>
        <ymin>42.608695652173914</ymin>
        <xmax>143.47826086956522</xmax>
        <ymax>86.3768115942029</ymax>
    </bndbox>
</object>
</annotation>
