<annotation verified="yes">
    <folder>Annotation</folder>
    <filename>ok_74_result_jy_HK_1611712351.2659438.jpg</filename>
    <path>jy_slide-PascalVOC-export/Annotations/ok_74_result_jy_HK_1611712351.2659438.jpg</path>
    <source>
        <database>Unknown</database>
    </source>
    <size>
        <width>260</width>
        <height>160</height>
        <depth>3</depth>
    </size>
    <segmented>0</segmented>
    <object>
    <name>target</name>
    <pose>Unspecified</pose>
    <truncated>0</truncated>
    <difficult>0</difficult>
    <bndbox>
        <xmin>99.71014492753623</xmin>
        <ymin>11.304347826086957</ymin>
        <xmax>144.6376811594203</xmax>
        <ymax>59.1304347826087</ymax>
    </bndbox>
</object>
</annotation>
