<annotation verified="yes">
    <folder>Annotation</folder>
    <filename>ok_7_result_jy_HK_1611711759.5670998.jpg</filename>
    <path>jy_slide-PascalVOC-export/Annotations/ok_7_result_jy_HK_1611711759.5670998.jpg</path>
    <source>
        <database>Unknown</database>
    </source>
    <size>
        <width>260</width>
        <height>160</height>
        <depth>3</depth>
    </size>
    <segmented>0</segmented>
    <object>
    <name>target</name>
    <pose>Unspecified</pose>
    <truncated>0</truncated>
    <difficult>0</difficult>
    <bndbox>
        <xmin>100.57971014492755</xmin>
        <ymin>32.46376811594203</ymin>
        <xmax>142.31884057971016</xmax>
        <ymax>78.55072463768116</ymax>
    </bndbox>
</object>
</annotation>
