<annotation verified="yes">
    <folder>Annotation</folder>
    <filename>ok_7_result_jy_HK_1611711995.301449.jpg</filename>
    <path>jy_slide-PascalVOC-export/Annotations/ok_7_result_jy_HK_1611711995.301449.jpg</path>
    <source>
        <database>Unknown</database>
    </source>
    <size>
        <width>260</width>
        <height>160</height>
        <depth>3</depth>
    </size>
    <segmented>0</segmented>
    <object>
    <name>target</name>
    <pose>Unspecified</pose>
    <truncated>0</truncated>
    <difficult>0</difficult>
    <bndbox>
        <xmin>151.59420289855072</xmin>
        <ymin>60.57971014492754</ymin>
        <xmax>192.17391304347825</xmax>
        <ymax>103.47826086956522</ymax>
    </bndbox>
</object>
</annotation>
