<annotation verified="yes">
    <folder>Annotation</folder>
    <filename>ok_71_result_jy_HK_1611712338.7975922.jpg</filename>
    <path>jy_slide-PascalVOC-export/Annotations/ok_71_result_jy_HK_1611712338.7975922.jpg</path>
    <source>
        <database>Unknown</database>
    </source>
    <size>
        <width>260</width>
        <height>160</height>
        <depth>3</depth>
    </size>
    <segmented>0</segmented>
    <object>
    <name>target</name>
    <pose>Unspecified</pose>
    <truncated>0</truncated>
    <difficult>0</difficult>
    <bndbox>
        <xmin>155.07246376811594</xmin>
        <ymin>59.42028985507247</ymin>
        <xmax>197.68115942028984</xmax>
        <ymax>102.89855072463769</ymax>
    </bndbox>
</object>
</annotation>
