<annotation verified="yes">
    <folder>Annotation</folder>
    <filename>ok_76_result_jy_HK_1611712379.6548097.jpg</filename>
    <path>jy_slide-PascalVOC-export/Annotations/ok_76_result_jy_HK_1611712379.6548097.jpg</path>
    <source>
        <database>Unknown</database>
    </source>
    <size>
        <width>260</width>
        <height>160</height>
        <depth>3</depth>
    </size>
    <segmented>0</segmented>
    <object>
    <name>target</name>
    <pose>Unspecified</pose>
    <truncated>0</truncated>
    <difficult>0</difficult>
    <bndbox>
        <xmin>145.79710144927537</xmin>
        <ymin>32.173913043478265</ymin>
        <xmax>185.50724637681162</xmax>
        <ymax>70.14492753623189</ymax>
    </bndbox>
</object>
</annotation>
