<annotation verified="yes">
    <folder>Annotation</folder>
    <filename>ok_88_result_jy_HK_1611712428.8039284.jpg</filename>
    <path>jy_slide-PascalVOC-export/Annotations/ok_88_result_jy_HK_1611712428.8039284.jpg</path>
    <source>
        <database>Unknown</database>
    </source>
    <size>
        <width>260</width>
        <height>160</height>
        <depth>3</depth>
    </size>
    <segmented>0</segmented>
    <object>
    <name>target</name>
    <pose>Unspecified</pose>
    <truncated>0</truncated>
    <difficult>0</difficult>
    <bndbox>
        <xmin>115.65217391304348</xmin>
        <ymin>97.10144927536233</ymin>
        <xmax>156.81159420289856</xmax>
        <ymax>135.07246376811594</ymax>
    </bndbox>
</object>
</annotation>
