<annotation verified="yes">
    <folder>Annotation</folder>
    <filename>ok_80_result_jy_HK_1611712395.6840792.jpg</filename>
    <path>jy_slide-PascalVOC-export/Annotations/ok_80_result_jy_HK_1611712395.6840792.jpg</path>
    <source>
        <database>Unknown</database>
    </source>
    <size>
        <width>260</width>
        <height>160</height>
        <depth>3</depth>
    </size>
    <segmented>0</segmented>
    <object>
    <name>target</name>
    <pose>Unspecified</pose>
    <truncated>0</truncated>
    <difficult>0</difficult>
    <bndbox>
        <xmin>127.82608695652175</xmin>
        <ymin>31.594202898550726</ymin>
        <xmax>169.2753623188406</xmax>
        <ymax>76.23188405797102</ymax>
    </bndbox>
</object>
</annotation>
