<annotation verified="yes">
    <folder>Annotation</folder>
    <filename>ok_83_result_jy_HK_1611712407.7740414.jpg</filename>
    <path>jy_slide-PascalVOC-export/Annotations/ok_83_result_jy_HK_1611712407.7740414.jpg</path>
    <source>
        <database>Unknown</database>
    </source>
    <size>
        <width>260</width>
        <height>160</height>
        <depth>3</depth>
    </size>
    <segmented>0</segmented>
    <object>
    <name>target</name>
    <pose>Unspecified</pose>
    <truncated>0</truncated>
    <difficult>0</difficult>
    <bndbox>
        <xmin>111.30434782608697</xmin>
        <ymin>62.608695652173914</ymin>
        <xmax>152.7536231884058</xmax>
        <ymax>106.3768115942029</ymax>
    </bndbox>
</object>
</annotation>
