<annotation verified="yes">
    <folder>Annotation</folder>
    <filename>ok_8_result_jy_HK_1611711763.125973.jpg</filename>
    <path>jy_slide-PascalVOC-export/Annotations/ok_8_result_jy_HK_1611711763.125973.jpg</path>
    <source>
        <database>Unknown</database>
    </source>
    <size>
        <width>260</width>
        <height>160</height>
        <depth>3</depth>
    </size>
    <segmented>0</segmented>
    <object>
    <name>target</name>
    <pose>Unspecified</pose>
    <truncated>0</truncated>
    <difficult>0</difficult>
    <bndbox>
        <xmin>119.42028985507247</xmin>
        <ymin>62.89855072463769</ymin>
        <xmax>163.47826086956522</xmax>
        <ymax>104.92753623188406</ymax>
    </bndbox>
</object>
</annotation>
