<annotation verified="yes">
    <folder>Annotation</folder>
    <filename>ok_81_result_jy_HK_1611712399.715721.jpg</filename>
    <path>jy_slide-PascalVOC-export/Annotations/ok_81_result_jy_HK_1611712399.715721.jpg</path>
    <source>
        <database>Unknown</database>
    </source>
    <size>
        <width>260</width>
        <height>160</height>
        <depth>3</depth>
    </size>
    <segmented>0</segmented>
    <object>
    <name>target</name>
    <pose>Unspecified</pose>
    <truncated>0</truncated>
    <difficult>0</difficult>
    <bndbox>
        <xmin>60.869565217391305</xmin>
        <ymin>35.94202898550725</ymin>
        <xmax>100.28985507246378</xmax>
        <ymax>84.6376811594203</ymax>
    </bndbox>
</object>
</annotation>
