<annotation verified="yes">
    <folder>Annotation</folder>
    <filename>ok_86_result_jy_HK_1611712420.3137321.jpg</filename>
    <path>jy_slide-PascalVOC-export/Annotations/ok_86_result_jy_HK_1611712420.3137321.jpg</path>
    <source>
        <database>Unknown</database>
    </source>
    <size>
        <width>260</width>
        <height>160</height>
        <depth>3</depth>
    </size>
    <segmented>0</segmented>
    <object>
    <name>target</name>
    <pose>Unspecified</pose>
    <truncated>0</truncated>
    <difficult>0</difficult>
    <bndbox>
        <xmin>61.15942028985508</xmin>
        <ymin>82.31884057971014</ymin>
        <xmax>111.59420289855073</xmax>
        <ymax>126.95652173913044</ymax>
    </bndbox>
</object>
</annotation>
