<annotation verified="yes">
    <folder>Annotation</folder>
    <filename>ok_89_result_jy_HK_1611712433.5399578.jpg</filename>
    <path>jy_slide-PascalVOC-export/Annotations/ok_89_result_jy_HK_1611712433.5399578.jpg</path>
    <source>
        <database>Unknown</database>
    </source>
    <size>
        <width>260</width>
        <height>160</height>
        <depth>3</depth>
    </size>
    <segmented>0</segmented>
    <object>
    <name>target</name>
    <pose>Unspecified</pose>
    <truncated>0</truncated>
    <difficult>0</difficult>
    <bndbox>
        <xmin>151.8840579710145</xmin>
        <ymin>60.28985507246377</ymin>
        <xmax>198.84057971014494</xmax>
        <ymax>100.57971014492755</ymax>
    </bndbox>
</object>
</annotation>
