<annotation verified="yes">
    <folder>Annotation</folder>
    <filename>ok_84_result_jy_HK_1611712412.429594.jpg</filename>
    <path>jy_slide-PascalVOC-export/Annotations/ok_84_result_jy_HK_1611712412.429594.jpg</path>
    <source>
        <database>Unknown</database>
    </source>
    <size>
        <width>260</width>
        <height>160</height>
        <depth>3</depth>
    </size>
    <segmented>0</segmented>
    <object>
    <name>target</name>
    <pose>Unspecified</pose>
    <truncated>0</truncated>
    <difficult>0</difficult>
    <bndbox>
        <xmin>71.59420289855073</xmin>
        <ymin>73.91304347826087</ymin>
        <xmax>113.33333333333334</xmax>
        <ymax>114.20289855072465</ymax>
    </bndbox>
</object>
</annotation>
