<annotation verified="yes">
    <folder>Annotation</folder>
    <filename>ok_85_result_jy_HK_1611712416.320802.jpg</filename>
    <path>jy_slide-PascalVOC-export/Annotations/ok_85_result_jy_HK_1611712416.320802.jpg</path>
    <source>
        <database>Unknown</database>
    </source>
    <size>
        <width>260</width>
        <height>160</height>
        <depth>3</depth>
    </size>
    <segmented>0</segmented>
    <object>
    <name>target</name>
    <pose>Unspecified</pose>
    <truncated>0</truncated>
    <difficult>0</difficult>
    <bndbox>
        <xmin>140.57971014492753</xmin>
        <ymin>30.144927536231886</ymin>
        <xmax>183.47826086956522</xmax>
        <ymax>75.94202898550725</ymax>
    </bndbox>
</object>
</annotation>
