<annotation verified="yes">
    <folder>Annotation</folder>
    <filename>ok_8_result_jy_HK_1611711999.0953739.jpg</filename>
    <path>jy_slide-PascalVOC-export/Annotations/ok_8_result_jy_HK_1611711999.0953739.jpg</path>
    <source>
        <database>Unknown</database>
    </source>
    <size>
        <width>260</width>
        <height>160</height>
        <depth>3</depth>
    </size>
    <segmented>0</segmented>
    <object>
    <name>target</name>
    <pose>Unspecified</pose>
    <truncated>0</truncated>
    <difficult>0</difficult>
    <bndbox>
        <xmin>147.53623188405797</xmin>
        <ymin>34.78260869565217</ymin>
        <xmax>194.20289855072463</xmax>
        <ymax>80.86956521739131</ymax>
    </bndbox>
</object>
</annotation>
