<annotation verified="yes">
    <folder>Annotation</folder>
    <filename>ok_82_result_jy_HK_1611712403.7061567.jpg</filename>
    <path>jy_slide-PascalVOC-export/Annotations/ok_82_result_jy_HK_1611712403.7061567.jpg</path>
    <source>
        <database>Unknown</database>
    </source>
    <size>
        <width>260</width>
        <height>160</height>
        <depth>3</depth>
    </size>
    <segmented>0</segmented>
    <object>
    <name>target</name>
    <pose>Unspecified</pose>
    <truncated>0</truncated>
    <difficult>0</difficult>
    <bndbox>
        <xmin>71.8840579710145</xmin>
        <ymin>74.20289855072464</ymin>
        <xmax>113.33333333333334</xmax>
        <ymax>113.62318840579711</ymax>
    </bndbox>
</object>
</annotation>
