<annotation verified="yes">
    <folder>Annotation</folder>
    <filename>ok_87_result_jy_HK_1611712424.7662034.jpg</filename>
    <path>jy_slide-PascalVOC-export/Annotations/ok_87_result_jy_HK_1611712424.7662034.jpg</path>
    <source>
        <database>Unknown</database>
    </source>
    <size>
        <width>260</width>
        <height>160</height>
        <depth>3</depth>
    </size>
    <segmented>0</segmented>
    <object>
    <name>target</name>
    <pose>Unspecified</pose>
    <truncated>0</truncated>
    <difficult>0</difficult>
    <bndbox>
        <xmin>87.2463768115942</xmin>
        <ymin>56.811594202898554</ymin>
        <xmax>131.59420289855072</xmax>
        <ymax>100.28985507246378</ymax>
    </bndbox>
</object>
</annotation>
