<annotation verified="yes">
    <folder>Annotation</folder>
    <filename>ok_90_result_jy_HK_1611712437.6220453.jpg</filename>
    <path>jy_slide-PascalVOC-export/Annotations/ok_90_result_jy_HK_1611712437.6220453.jpg</path>
    <source>
        <database>Unknown</database>
    </source>
    <size>
        <width>260</width>
        <height>160</height>
        <depth>3</depth>
    </size>
    <segmented>0</segmented>
    <object>
    <name>target</name>
    <pose>Unspecified</pose>
    <truncated>0</truncated>
    <difficult>0</difficult>
    <bndbox>
        <xmin>114.4927536231884</xmin>
        <ymin>36.811594202898554</ymin>
        <xmax>155.07246376811594</xmax>
        <ymax>80.28985507246378</ymax>
    </bndbox>
</object>
</annotation>
