<annotation verified="yes">
    <folder>Annotation</folder>
    <filename>ok_9_result_jy_HK_1611711766.3958724.jpg</filename>
    <path>jy_slide-PascalVOC-export/Annotations/ok_9_result_jy_HK_1611711766.3958724.jpg</path>
    <source>
        <database>Unknown</database>
    </source>
    <size>
        <width>260</width>
        <height>160</height>
        <depth>3</depth>
    </size>
    <segmented>0</segmented>
    <object>
    <name>target</name>
    <pose>Unspecified</pose>
    <truncated>0</truncated>
    <difficult>0</difficult>
    <bndbox>
        <xmin>100.28985507246377</xmin>
        <ymin>45.507246376811594</ymin>
        <xmax>151.8840579710145</xmax>
        <ymax>97.3913043478261</ymax>
    </bndbox>
</object>
</annotation>
