<annotation verified="yes">
    <folder>Annotation</folder>
    <filename>ok_92_result_jy_HK_1611712466.1921265.jpg</filename>
    <path>jy_slide-PascalVOC-export/Annotations/ok_92_result_jy_HK_1611712466.1921265.jpg</path>
    <source>
        <database>Unknown</database>
    </source>
    <size>
        <width>260</width>
        <height>160</height>
        <depth>3</depth>
    </size>
    <segmented>0</segmented>
    <object>
    <name>target</name>
    <pose>Unspecified</pose>
    <truncated>0</truncated>
    <difficult>0</difficult>
    <bndbox>
        <xmin>114.4927536231884</xmin>
        <ymin>65.79710144927536</ymin>
        <xmax>165.2173913043478</xmax>
        <ymax>103.47826086956522</ymax>
    </bndbox>
</object>
</annotation>
