<annotation verified="yes">
    <folder>Annotation</folder>
    <filename>ok_94_result_jy_HK_1611712474.3589756.jpg</filename>
    <path>jy_slide-PascalVOC-export/Annotations/ok_94_result_jy_HK_1611712474.3589756.jpg</path>
    <source>
        <database>Unknown</database>
    </source>
    <size>
        <width>260</width>
        <height>160</height>
        <depth>3</depth>
    </size>
    <segmented>0</segmented>
    <object>
    <name>target</name>
    <pose>Unspecified</pose>
    <truncated>0</truncated>
    <difficult>0</difficult>
    <bndbox>
        <xmin>74.4927536231884</xmin>
        <ymin>80.86956521739131</ymin>
        <xmax>115.07246376811594</xmax>
        <ymax>119.42028985507247</ymax>
    </bndbox>
</object>
</annotation>
