<annotation verified="yes">
    <folder>Annotation</folder>
    <filename>ok_95_result_jy_HK_1611712478.4046676.jpg</filename>
    <path>jy_slide-PascalVOC-export/Annotations/ok_95_result_jy_HK_1611712478.4046676.jpg</path>
    <source>
        <database>Unknown</database>
    </source>
    <size>
        <width>260</width>
        <height>160</height>
        <depth>3</depth>
    </size>
    <segmented>0</segmented>
    <object>
    <name>target</name>
    <pose>Unspecified</pose>
    <truncated>0</truncated>
    <difficult>0</difficult>
    <bndbox>
        <xmin>153.04347826086956</xmin>
        <ymin>49.85507246376812</ymin>
        <xmax>196.231884057971</xmax>
        <ymax>89.27536231884059</ymax>
    </bndbox>
</object>
</annotation>
