<annotation verified="yes">
    <folder>Annotation</folder>
    <filename>ok_9_result_jy_HK_1611712003.378647.jpg</filename>
    <path>jy_slide-PascalVOC-export/Annotations/ok_9_result_jy_HK_1611712003.378647.jpg</path>
    <source>
        <database>Unknown</database>
    </source>
    <size>
        <width>260</width>
        <height>160</height>
        <depth>3</depth>
    </size>
    <segmented>0</segmented>
    <object>
    <name>target</name>
    <pose>Unspecified</pose>
    <truncated>0</truncated>
    <difficult>0</difficult>
    <bndbox>
        <xmin>115.94202898550725</xmin>
        <ymin>76.52173913043478</ymin>
        <xmax>168.1159420289855</xmax>
        <ymax>121.15942028985506</ymax>
    </bndbox>
</object>
</annotation>
