<annotation verified="yes">
    <folder>Annotation</folder>
    <filename>ok_99_result_jy_HK_1611712494.8749118.jpg</filename>
    <path>jy_slide-PascalVOC-export/Annotations/ok_99_result_jy_HK_1611712494.8749118.jpg</path>
    <source>
        <database>Unknown</database>
    </source>
    <size>
        <width>260</width>
        <height>160</height>
        <depth>3</depth>
    </size>
    <segmented>0</segmented>
    <object>
    <name>target</name>
    <pose>Unspecified</pose>
    <truncated>0</truncated>
    <difficult>0</difficult>
    <bndbox>
        <xmin>106.66666666666667</xmin>
        <ymin>64.34782608695653</ymin>
        <xmax>156.52173913043478</xmax>
        <ymax>108.69565217391306</ymax>
    </bndbox>
</object>
</annotation>
