<annotation verified="yes">
    <folder>Annotation</folder>
    <filename>ok_93_result_jy_HK_1611712470.3283947.jpg</filename>
    <path>jy_slide-PascalVOC-export/Annotations/ok_93_result_jy_HK_1611712470.3283947.jpg</path>
    <source>
        <database>Unknown</database>
    </source>
    <size>
        <width>260</width>
        <height>160</height>
        <depth>3</depth>
    </size>
    <segmented>0</segmented>
    <object>
    <name>target</name>
    <pose>Unspecified</pose>
    <truncated>0</truncated>
    <difficult>0</difficult>
    <bndbox>
        <xmin>125.79710144927537</xmin>
        <ymin>95.65217391304348</ymin>
        <xmax>166.95652173913044</xmax>
        <ymax>134.7826086956522</ymax>
    </bndbox>
</object>
</annotation>
