<annotation verified="yes">
    <folder>Annotation</folder>
    <filename>ok_91_result_jy_HK_1611712461.9306626.jpg</filename>
    <path>jy_slide-PascalVOC-export/Annotations/ok_91_result_jy_HK_1611712461.9306626.jpg</path>
    <source>
        <database>Unknown</database>
    </source>
    <size>
        <width>260</width>
        <height>160</height>
        <depth>3</depth>
    </size>
    <segmented>0</segmented>
    <object>
    <name>target</name>
    <pose>Unspecified</pose>
    <truncated>0</truncated>
    <difficult>0</difficult>
    <bndbox>
        <xmin>139.42028985507247</xmin>
        <ymin>44.92753623188406</ymin>
        <xmax>193.91304347826087</xmax>
        <ymax>84.34782608695653</ymax>
    </bndbox>
</object>
</annotation>
