<annotation verified="yes">
    <folder>Annotation</folder>
    <filename>ok_97_result_jy_HK_1611712486.4935954.jpg</filename>
    <path>jy_slide-PascalVOC-export/Annotations/ok_97_result_jy_HK_1611712486.4935954.jpg</path>
    <source>
        <database>Unknown</database>
    </source>
    <size>
        <width>260</width>
        <height>160</height>
        <depth>3</depth>
    </size>
    <segmented>0</segmented>
    <object>
    <name>target</name>
    <pose>Unspecified</pose>
    <truncated>0</truncated>
    <difficult>0</difficult>
    <bndbox>
        <xmin>44.05797101449276</xmin>
        <ymin>58.26086956521739</ymin>
        <xmax>96.23188405797103</xmax>
        <ymax>109.56521739130434</ymax>
    </bndbox>
</object>
</annotation>
