<annotation verified="yes">
    <folder>Annotation</folder>
    <filename>ok_96_result_jy_HK_1611712482.3896804.jpg</filename>
    <path>jy_slide-PascalVOC-export/Annotations/ok_96_result_jy_HK_1611712482.3896804.jpg</path>
    <source>
        <database>Unknown</database>
    </source>
    <size>
        <width>260</width>
        <height>160</height>
        <depth>3</depth>
    </size>
    <segmented>0</segmented>
    <object>
    <name>target</name>
    <pose>Unspecified</pose>
    <truncated>0</truncated>
    <difficult>0</difficult>
    <bndbox>
        <xmin>85.5072463768116</xmin>
        <ymin>74.20289855072464</ymin>
        <xmax>127.82608695652175</xmax>
        <ymax>114.4927536231884</ymax>
    </bndbox>
</object>
</annotation>
