<annotation verified="yes">
    <folder>Annotation</folder>
    <filename>ok_98_result_jy_HK_1611712490.8254879.jpg</filename>
    <path>jy_slide-PascalVOC-export/Annotations/ok_98_result_jy_HK_1611712490.8254879.jpg</path>
    <source>
        <database>Unknown</database>
    </source>
    <size>
        <width>260</width>
        <height>160</height>
        <depth>3</depth>
    </size>
    <segmented>0</segmented>
    <object>
    <name>target</name>
    <pose>Unspecified</pose>
    <truncated>0</truncated>
    <difficult>0</difficult>
    <bndbox>
        <xmin>76.81159420289855</xmin>
        <ymin>56.811594202898554</ymin>
        <xmax>122.02898550724638</xmax>
        <ymax>101.44927536231884</ymax>
    </bndbox>
</object>
</annotation>
