{
    "asset": {
        "format": "jpg",
        "id": "01cf85f8d4a386977db775edb9d9b3f2",
        "name": "ok_18_result_jy_HK_1611712059.4370513.jpg",
        "path": "file:D:/-----------------------------Python/-0-0-Spider/0-0-0-0---%E7%88%AC%E8%99%AB-%E8%BF%9B%E9%98%B6/%E9%AA%8C%E8%AF%81%E7%A0%81/jy-slide/JY-slide-pic/ok_18_result_jy_HK_1611712059.4370513.jpg",
        "size": {
            "width": 260,
            "height": 160
        },
        "state": 2,
        "type": 1
    },
    "regions": [
        {
            "id": "E9WIzeIa0",
            "type": "RECTANGLE",
            "tags": [
                "target"
            ],
            "boundingBox": {
                "height": 43.18840579710145,
                "width": 46.95652173913044,
                "left": 95.65217391304348,
                "top": 71.59420289855073
            },
            "points": [
                {
                    "x": 95.65217391304348,
                    "y": 71.59420289855073
                },
                {
                    "x": 142.6086956521739,
                    "y": 71.59420289855073
                },
                {
                    "x": 142.6086956521739,
                    "y": 114.78260869565217
                },
                {
                    "x": 95.65217391304348,
                    "y": 114.78260869565217
                }
            ]
        }
    ],
    "version": "2.2.0"
}