{
    "asset": {
        "format": "jpg",
        "id": "02449d8831d87245f608b5946613b3eb",
        "name": "ok_11_result_jy_HK_1611712011.219219.jpg",
        "path": "file:D:/-----------------------------Python/-0-0-Spider/0-0-0-0---%E7%88%AC%E8%99%AB-%E8%BF%9B%E9%98%B6/%E9%AA%8C%E8%AF%81%E7%A0%81/jy-slide/JY-slide-pic/ok_11_result_jy_HK_1611712011.219219.jpg",
        "size": {
            "width": 260,
            "height": 160
        },
        "state": 2,
        "type": 1
    },
    "regions": [
        {
            "id": "Po76LwQwa",
            "type": "RECTANGLE",
            "tags": [
                "target"
            ],
            "boundingBox": {
                "height": 43.768115942028984,
                "width": 41.44927536231884,
                "left": 107.2463768115942,
                "top": 40.57971014492754
            },
            "points": [
                {
                    "x": 107.2463768115942,
                    "y": 40.57971014492754
                },
                {
                    "x": 148.69565217391306,
                    "y": 40.57971014492754
                },
                {
                    "x": 148.69565217391306,
                    "y": 84.34782608695653
                },
                {
                    "x": 107.2463768115942,
                    "y": 84.34782608695653
                }
            ]
        }
    ],
    "version": "2.2.0"
}