{
    "asset": {
        "format": "jpg",
        "id": "09365acc2efd0e436fadf73afe750a23",
        "name": "ok_6_result_jy_HK_1611711991.37996.jpg",
        "path": "file:D:/-----------------------------Python/-0-0-Spider/0-0-0-0---%E7%88%AC%E8%99%AB-%E8%BF%9B%E9%98%B6/%E9%AA%8C%E8%AF%81%E7%A0%81/jy-slide/JY-slide-pic/ok_6_result_jy_HK_1611711991.37996.jpg",
        "size": {
            "width": 260,
            "height": 160
        },
        "state": 2,
        "type": 1
    },
    "regions": [
        {
            "id": "MnKm0RWNN",
            "type": "RECTANGLE",
            "tags": [
                "target"
            ],
            "boundingBox": {
                "height": 40.57971014492754,
                "width": 44.63768115942029,
                "left": 125.79710144927537,
                "top": 73.04347826086956
            },
            "points": [
                {
                    "x": 125.79710144927537,
                    "y": 73.04347826086956
                },
                {
                    "x": 170.43478260869566,
                    "y": 73.04347826086956
                },
                {
                    "x": 170.43478260869566,
                    "y": 113.62318840579711
                },
                {
                    "x": 125.79710144927537,
                    "y": 113.62318840579711
                }
            ]
        }
    ],
    "version": "2.2.0"
}