{
    "asset": {
        "format": "jpg",
        "id": "0a484641394da23c24b3cc5574fa0fcd",
        "name": "ok_45_result_jy_HK_1611712192.1596644.jpg",
        "path": "file:D:/-----------------------------Python/-0-0-Spider/0-0-0-0---%E7%88%AC%E8%99%AB-%E8%BF%9B%E9%98%B6/%E9%AA%8C%E8%AF%81%E7%A0%81/jy-slide/JY-slide-pic/ok_45_result_jy_HK_1611712192.1596644.jpg",
        "size": {
            "width": 260,
            "height": 160
        },
        "state": 2,
        "type": 1
    },
    "regions": [
        {
            "id": "-gl18gqiw",
            "type": "RECTANGLE",
            "tags": [
                "target"
            ],
            "boundingBox": {
                "height": 44.05797101449276,
                "width": 43.47826086956522,
                "left": 180.28985507246378,
                "top": 62.02898550724638
            },
            "points": [
                {
                    "x": 180.28985507246378,
                    "y": 62.02898550724638
                },
                {
                    "x": 223.768115942029,
                    "y": 62.02898550724638
                },
                {
                    "x": 223.768115942029,
                    "y": 106.08695652173914
                },
                {
                    "x": 180.28985507246378,
                    "y": 106.08695652173914
                }
            ]
        }
    ],
    "version": "2.2.0"
}