{
    "asset": {
        "format": "jpg",
        "id": "0a694068feef1bda0781287d965e2722",
        "name": "ok_75_result_jy_HK_1611712355.3686182.jpg",
        "path": "file:D:/-----------------------------Python/-0-0-Spider/0-0-0-0---%E7%88%AC%E8%99%AB-%E8%BF%9B%E9%98%B6/%E9%AA%8C%E8%AF%81%E7%A0%81/jy-slide/JY-slide-pic/ok_75_result_jy_HK_1611712355.3686182.jpg",
        "size": {
            "width": 260,
            "height": 160
        },
        "state": 2,
        "type": 1
    },
    "regions": [
        {
            "id": "-x87m8nj4",
            "type": "RECTANGLE",
            "tags": [
                "target"
            ],
            "boundingBox": {
                "height": 36.52173913043478,
                "width": 41.73913043478261,
                "left": 126.08695652173914,
                "top": 61.15942028985508
            },
            "points": [
                {
                    "x": 126.08695652173914,
                    "y": 61.15942028985508
                },
                {
                    "x": 167.82608695652175,
                    "y": 61.15942028985508
                },
                {
                    "x": 167.82608695652175,
                    "y": 97.68115942028986
                },
                {
                    "x": 126.08695652173914,
                    "y": 97.68115942028986
                }
            ]
        }
    ],
    "version": "2.2.0"
}