{
    "asset": {
        "format": "jpg",
        "id": "0ac96aca7ad3429828edeec5735fc059",
        "name": "ok_91_result_jy_HK_1611712461.9306626.jpg",
        "path": "file:D:/-----------------------------Python/-0-0-Spider/0-0-0-0---%E7%88%AC%E8%99%AB-%E8%BF%9B%E9%98%B6/%E9%AA%8C%E8%AF%81%E7%A0%81/jy-slide/JY-slide-pic/ok_91_result_jy_HK_1611712461.9306626.jpg",
        "size": {
            "width": 260,
            "height": 160
        },
        "state": 2,
        "type": 1
    },
    "regions": [
        {
            "id": "UFVbd6bKb",
            "type": "RECTANGLE",
            "tags": [
                "target"
            ],
            "boundingBox": {
                "height": 39.42028985507247,
                "width": 54.492753623188406,
                "left": 139.42028985507247,
                "top": 44.92753623188406
            },
            "points": [
                {
                    "x": 139.42028985507247,
                    "y": 44.92753623188406
                },
                {
                    "x": 193.91304347826087,
                    "y": 44.92753623188406
                },
                {
                    "x": 193.91304347826087,
                    "y": 84.34782608695653
                },
                {
                    "x": 139.42028985507247,
                    "y": 84.34782608695653
                }
            ]
        }
    ],
    "version": "2.2.0"
}