{
    "asset": {
        "format": "jpg",
        "id": "0b02ef23ce49848b2995492946678eb2",
        "name": "ok_67_result_jy_HK_1611712322.5448306.jpg",
        "path": "file:D:/-----------------------------Python/-0-0-Spider/0-0-0-0---%E7%88%AC%E8%99%AB-%E8%BF%9B%E9%98%B6/%E9%AA%8C%E8%AF%81%E7%A0%81/jy-slide/JY-slide-pic/ok_67_result_jy_HK_1611712322.5448306.jpg",
        "size": {
            "width": 260,
            "height": 160
        },
        "state": 2,
        "type": 1
    },
    "regions": [
        {
            "id": "BrrYvCsxC",
            "type": "RECTANGLE",
            "tags": [
                "target"
            ],
            "boundingBox": {
                "height": 40.28985507246377,
                "width": 47.82608695652174,
                "left": 137.3913043478261,
                "top": 64.6376811594203
            },
            "points": [
                {
                    "x": 137.3913043478261,
                    "y": 64.6376811594203
                },
                {
                    "x": 185.21739130434784,
                    "y": 64.6376811594203
                },
                {
                    "x": 185.21739130434784,
                    "y": 104.92753623188406
                },
                {
                    "x": 137.3913043478261,
                    "y": 104.92753623188406
                }
            ]
        }
    ],
    "version": "2.2.0"
}