{
    "asset": {
        "format": "jpg",
        "id": "0e1d37c9f397f3b33c68cd1184de3bf1",
        "name": "ok_84_result_jy_HK_1611712412.429594.jpg",
        "path": "file:D:/-----------------------------Python/-0-0-Spider/0-0-0-0---%E7%88%AC%E8%99%AB-%E8%BF%9B%E9%98%B6/%E9%AA%8C%E8%AF%81%E7%A0%81/jy-slide/JY-slide-pic/ok_84_result_jy_HK_1611712412.429594.jpg",
        "size": {
            "width": 260,
            "height": 160
        },
        "state": 2,
        "type": 1
    },
    "regions": [
        {
            "id": "L5bZWUEAi",
            "type": "RECTANGLE",
            "tags": [
                "target"
            ],
            "boundingBox": {
                "height": 40.28985507246377,
                "width": 41.73913043478261,
                "left": 71.59420289855073,
                "top": 73.91304347826087
            },
            "points": [
                {
                    "x": 71.59420289855073,
                    "y": 73.91304347826087
                },
                {
                    "x": 113.33333333333334,
                    "y": 73.91304347826087
                },
                {
                    "x": 113.33333333333334,
                    "y": 114.20289855072464
                },
                {
                    "x": 71.59420289855073,
                    "y": 114.20289855072464
                }
            ]
        }
    ],
    "version": "2.2.0"
}