{
    "asset": {
        "format": "jpg",
        "id": "0f4c0230b93049e1d8834ffc68e387e2",
        "name": "ok_90_result_jy_HK_1611712437.6220453.jpg",
        "path": "file:D:/-----------------------------Python/-0-0-Spider/0-0-0-0---%E7%88%AC%E8%99%AB-%E8%BF%9B%E9%98%B6/%E9%AA%8C%E8%AF%81%E7%A0%81/jy-slide/JY-slide-pic/ok_90_result_jy_HK_1611712437.6220453.jpg",
        "size": {
            "width": 260,
            "height": 160
        },
        "state": 2,
        "type": 1
    },
    "regions": [
        {
            "id": "Yr1GG84He",
            "type": "RECTANGLE",
            "tags": [
                "target"
            ],
            "boundingBox": {
                "height": 43.47826086956522,
                "width": 40.57971014492754,
                "left": 114.4927536231884,
                "top": 36.811594202898554
            },
            "points": [
                {
                    "x": 114.4927536231884,
                    "y": 36.811594202898554
                },
                {
                    "x": 155.07246376811594,
                    "y": 36.811594202898554
                },
                {
                    "x": 155.07246376811594,
                    "y": 80.28985507246377
                },
                {
                    "x": 114.4927536231884,
                    "y": 80.28985507246377
                }
            ]
        }
    ],
    "version": "2.2.0"
}