{
    "asset": {
        "format": "jpg",
        "id": "109bb224540284c306bc150b35607fc0",
        "name": "ok_55_result_jy_HK_1611712253.2107177.jpg",
        "path": "file:D:/-----------------------------Python/-0-0-Spider/0-0-0-0---%E7%88%AC%E8%99%AB-%E8%BF%9B%E9%98%B6/%E9%AA%8C%E8%AF%81%E7%A0%81/jy-slide/JY-slide-pic/ok_55_result_jy_HK_1611712253.2107177.jpg",
        "size": {
            "width": 260,
            "height": 160
        },
        "state": 2,
        "type": 1
    },
    "regions": [
        {
            "id": "e8g-lf2WF",
            "type": "RECTANGLE",
            "tags": [
                "target"
            ],
            "boundingBox": {
                "height": 40.57971014492754,
                "width": 44.63768115942029,
                "left": 48.69565217391305,
                "top": 16.521739130434785
            },
            "points": [
                {
                    "x": 48.69565217391305,
                    "y": 16.521739130434785
                },
                {
                    "x": 93.33333333333334,
                    "y": 16.521739130434785
                },
                {
                    "x": 93.33333333333334,
                    "y": 57.10144927536232
                },
                {
                    "x": 48.69565217391305,
                    "y": 57.10144927536232
                }
            ]
        }
    ],
    "version": "2.2.0"
}