{
    "asset": {
        "format": "jpg",
        "id": "131d2a3827f68d9935bd6a6c2aff2771",
        "name": "ok_0_result_jy_HK_1611711714.9231756.jpg",
        "path": "file:D:/-----------------------------Python/-0-0-Spider/0-0-0-0---%E7%88%AC%E8%99%AB-%E8%BF%9B%E9%98%B6/%E9%AA%8C%E8%AF%81%E7%A0%81/jy-slide/JY-slide-pic/ok_0_result_jy_HK_1611711714.9231756.jpg",
        "size": {
            "width": 260,
            "height": 160
        },
        "state": 2,
        "type": 1
    },
    "regions": [
        {
            "id": "IPp5fGvHl",
            "type": "RECTANGLE",
            "tags": [
                "target"
            ],
            "boundingBox": {
                "height": 37.971014492753625,
                "width": 42.608695652173914,
                "left": 102.31884057971016,
                "top": 60
            },
            "points": [
                {
                    "x": 102.31884057971016,
                    "y": 60
                },
                {
                    "x": 144.92753623188406,
                    "y": 60
                },
                {
                    "x": 144.92753623188406,
                    "y": 97.97101449275362
                },
                {
                    "x": 102.31884057971016,
                    "y": 97.97101449275362
                }
            ]
        }
    ],
    "version": "2.2.0"
}