{
    "asset": {
        "format": "jpg",
        "id": "13ecadc2e0b0b5d17bdfcb631428000c",
        "name": "ok_122_result_jy_HK_1611712630.6122851.jpg",
        "path": "file:D:/-----------------------------Python/-0-0-Spider/0-0-0-0---%E7%88%AC%E8%99%AB-%E8%BF%9B%E9%98%B6/%E9%AA%8C%E8%AF%81%E7%A0%81/jy-slide/JY-slide-pic/ok_122_result_jy_HK_1611712630.6122851.jpg",
        "size": {
            "width": 260,
            "height": 160
        },
        "state": 2,
        "type": 1
    },
    "regions": [
        {
            "id": "G9uQp6OsG",
            "type": "RECTANGLE",
            "tags": [
                "target"
            ],
            "boundingBox": {
                "height": 36.811594202898554,
                "width": 42.31884057971015,
                "left": 161.73913043478262,
                "top": 64.6376811594203
            },
            "points": [
                {
                    "x": 161.73913043478262,
                    "y": 64.6376811594203
                },
                {
                    "x": 204.05797101449275,
                    "y": 64.6376811594203
                },
                {
                    "x": 204.05797101449275,
                    "y": 101.44927536231884
                },
                {
                    "x": 161.73913043478262,
                    "y": 101.44927536231884
                }
            ]
        }
    ],
    "version": "2.2.0"
}