{
    "asset": {
        "format": "jpg",
        "id": "15a74ea53db10f93caf201b7eeb476e8",
        "name": "ok_49_result_jy_HK_1611712228.7030413.jpg",
        "path": "file:D:/-----------------------------Python/-0-0-Spider/0-0-0-0---%E7%88%AC%E8%99%AB-%E8%BF%9B%E9%98%B6/%E9%AA%8C%E8%AF%81%E7%A0%81/jy-slide/JY-slide-pic/ok_49_result_jy_HK_1611712228.7030413.jpg",
        "size": {
            "width": 260,
            "height": 160
        },
        "state": 2,
        "type": 1
    },
    "regions": [
        {
            "id": "7HJrLCZAv",
            "type": "RECTANGLE",
            "tags": [
                "target"
            ],
            "boundingBox": {
                "height": 40,
                "width": 42.31884057971015,
                "left": 168.9855072463768,
                "top": 61.73913043478261
            },
            "points": [
                {
                    "x": 168.9855072463768,
                    "y": 61.73913043478261
                },
                {
                    "x": 211.30434782608697,
                    "y": 61.73913043478261
                },
                {
                    "x": 211.30434782608697,
                    "y": 101.73913043478261
                },
                {
                    "x": 168.9855072463768,
                    "y": 101.73913043478261
                }
            ]
        }
    ],
    "version": "2.2.0"
}