{
    "asset": {
        "format": "jpg",
        "id": "15d83f775eba76ffc718cb8308a3f326",
        "name": "ok_47_result_jy_HK_1611712220.508401.jpg",
        "path": "file:D:/-----------------------------Python/-0-0-Spider/0-0-0-0---%E7%88%AC%E8%99%AB-%E8%BF%9B%E9%98%B6/%E9%AA%8C%E8%AF%81%E7%A0%81/jy-slide/JY-slide-pic/ok_47_result_jy_HK_1611712220.508401.jpg",
        "size": {
            "width": 260,
            "height": 160
        },
        "state": 2,
        "type": 1
    },
    "regions": [
        {
            "id": "GDVSwoUWy",
            "type": "RECTANGLE",
            "tags": [
                "target"
            ],
            "boundingBox": {
                "height": 38.84057971014493,
                "width": 40.28985507246377,
                "left": 126.3768115942029,
                "top": 69.56521739130434
            },
            "points": [
                {
                    "x": 126.3768115942029,
                    "y": 69.56521739130434
                },
                {
                    "x": 166.66666666666669,
                    "y": 69.56521739130434
                },
                {
                    "x": 166.66666666666669,
                    "y": 108.40579710144928
                },
                {
                    "x": 126.3768115942029,
                    "y": 108.40579710144928
                }
            ]
        }
    ],
    "version": "2.2.0"
}