{
    "asset": {
        "format": "jpg",
        "id": "16970e764b3b9d1e2af0e627890675b2",
        "name": "ok_15_result_jy_HK_1611712027.115714.jpg",
        "path": "file:D:/-----------------------------Python/-0-0-Spider/0-0-0-0---%E7%88%AC%E8%99%AB-%E8%BF%9B%E9%98%B6/%E9%AA%8C%E8%AF%81%E7%A0%81/jy-slide/JY-slide-pic/ok_15_result_jy_HK_1611712027.115714.jpg",
        "size": {
            "width": 260,
            "height": 160
        },
        "state": 2,
        "type": 1
    },
    "regions": [
        {
            "id": "DSiuCuRDq",
            "type": "RECTANGLE",
            "tags": [
                "target"
            ],
            "boundingBox": {
                "height": 41.73913043478261,
                "width": 50.434782608695656,
                "left": 160.57971014492753,
                "top": 73.33333333333334
            },
            "points": [
                {
                    "x": 160.57971014492753,
                    "y": 73.33333333333334
                },
                {
                    "x": 211.0144927536232,
                    "y": 73.33333333333334
                },
                {
                    "x": 211.0144927536232,
                    "y": 115.07246376811595
                },
                {
                    "x": 160.57971014492753,
                    "y": 115.07246376811595
                }
            ]
        }
    ],
    "version": "2.2.0"
}