{
    "asset": {
        "format": "jpg",
        "id": "1a5c9de5dd2430955f32b540f7f280ba",
        "name": "ok_117_result_jy_HK_1611712589.6882212.jpg",
        "path": "file:D:/-----------------------------Python/-0-0-Spider/0-0-0-0---%E7%88%AC%E8%99%AB-%E8%BF%9B%E9%98%B6/%E9%AA%8C%E8%AF%81%E7%A0%81/jy-slide/JY-slide-pic/ok_117_result_jy_HK_1611712589.6882212.jpg",
        "size": {
            "width": 260,
            "height": 160
        },
        "state": 2,
        "type": 1
    },
    "regions": [
        {
            "id": "dTPFCJsXi",
            "type": "RECTANGLE",
            "tags": [
                "target"
            ],
            "boundingBox": {
                "height": 47.2463768115942,
                "width": 43.768115942028984,
                "left": 86.95652173913044,
                "top": 88.11594202898551
            },
            "points": [
                {
                    "x": 86.95652173913044,
                    "y": 88.11594202898551
                },
                {
                    "x": 130.72463768115944,
                    "y": 88.11594202898551
                },
                {
                    "x": 130.72463768115944,
                    "y": 135.36231884057972
                },
                {
                    "x": 86.95652173913044,
                    "y": 135.36231884057972
                }
            ]
        }
    ],
    "version": "2.2.0"
}