{
    "asset": {
        "format": "jpg",
        "id": "1a8bc20b24252081f874d51993d94b93",
        "name": "ok_124_result_jy_HK_1611712638.7867284.jpg",
        "path": "file:D:/-----------------------------Python/-0-0-Spider/0-0-0-0---%E7%88%AC%E8%99%AB-%E8%BF%9B%E9%98%B6/%E9%AA%8C%E8%AF%81%E7%A0%81/jy-slide/JY-slide-pic/ok_124_result_jy_HK_1611712638.7867284.jpg",
        "size": {
            "width": 260,
            "height": 160
        },
        "state": 2,
        "type": 1
    },
    "regions": [
        {
            "id": "C_DUALwbP",
            "type": "RECTANGLE",
            "tags": [
                "target"
            ],
            "boundingBox": {
                "height": 44.63768115942029,
                "width": 46.66666666666667,
                "left": 55.36231884057971,
                "top": 70.43478260869566
            },
            "points": [
                {
                    "x": 55.36231884057971,
                    "y": 70.43478260869566
                },
                {
                    "x": 102.02898550724638,
                    "y": 70.43478260869566
                },
                {
                    "x": 102.02898550724638,
                    "y": 115.07246376811595
                },
                {
                    "x": 55.36231884057971,
                    "y": 115.07246376811595
                }
            ]
        }
    ],
    "version": "2.2.0"
}