{
    "asset": {
        "format": "jpg",
        "id": "1b28b8f3225ef9c0b11185ac55740edd",
        "name": "ok_54_result_jy_HK_1611712249.1962361.jpg",
        "path": "file:D:/-----------------------------Python/-0-0-Spider/0-0-0-0---%E7%88%AC%E8%99%AB-%E8%BF%9B%E9%98%B6/%E9%AA%8C%E8%AF%81%E7%A0%81/jy-slide/JY-slide-pic/ok_54_result_jy_HK_1611712249.1962361.jpg",
        "size": {
            "width": 260,
            "height": 160
        },
        "state": 2,
        "type": 1
    },
    "regions": [
        {
            "id": "E3mk0OUvT",
            "type": "RECTANGLE",
            "tags": [
                "target"
            ],
            "boundingBox": {
                "height": 44.34782608695652,
                "width": 45.507246376811594,
                "left": 68.40579710144928,
                "top": 72.17391304347827
            },
            "points": [
                {
                    "x": 68.40579710144928,
                    "y": 72.17391304347827
                },
                {
                    "x": 113.91304347826087,
                    "y": 72.17391304347827
                },
                {
                    "x": 113.91304347826087,
                    "y": 116.52173913043478
                },
                {
                    "x": 68.40579710144928,
                    "y": 116.52173913043478
                }
            ]
        }
    ],
    "version": "2.2.0"
}