{
    "asset": {
        "format": "jpg",
        "id": "1c7dfac1fe8f2a2d2a56b981a6fa001b",
        "name": "ok_63_result_jy_HK_1611712306.0425627.jpg",
        "path": "file:D:/-----------------------------Python/-0-0-Spider/0-0-0-0---%E7%88%AC%E8%99%AB-%E8%BF%9B%E9%98%B6/%E9%AA%8C%E8%AF%81%E7%A0%81/jy-slide/JY-slide-pic/ok_63_result_jy_HK_1611712306.0425627.jpg",
        "size": {
            "width": 260,
            "height": 160
        },
        "state": 2,
        "type": 1
    },
    "regions": [
        {
            "id": "4XDohnSe1",
            "type": "RECTANGLE",
            "tags": [
                "target"
            ],
            "boundingBox": {
                "height": 41.73913043478261,
                "width": 39.710144927536234,
                "left": 69.27536231884058,
                "top": 23.768115942028988
            },
            "points": [
                {
                    "x": 69.27536231884058,
                    "y": 23.768115942028988
                },
                {
                    "x": 108.98550724637681,
                    "y": 23.768115942028988
                },
                {
                    "x": 108.98550724637681,
                    "y": 65.5072463768116
                },
                {
                    "x": 69.27536231884058,
                    "y": 65.5072463768116
                }
            ]
        }
    ],
    "version": "2.2.0"
}