{
    "asset": {
        "format": "jpg",
        "id": "1d77c07a72c5b22582f3c874e3226f6f",
        "name": "ok_134_result_jy_HK_1611712680.7397456.jpg",
        "path": "file:D:/-----------------------------Python/-0-0-Spider/0-0-0-0---%E7%88%AC%E8%99%AB-%E8%BF%9B%E9%98%B6/%E9%AA%8C%E8%AF%81%E7%A0%81/jy-slide/JY-slide-pic/ok_134_result_jy_HK_1611712680.7397456.jpg",
        "size": {
            "width": 260,
            "height": 160
        },
        "state": 2,
        "type": 1
    },
    "regions": [
        {
            "id": "n6QIHGMwf",
            "type": "RECTANGLE",
            "tags": [
                "target"
            ],
            "boundingBox": {
                "height": 39.710144927536234,
                "width": 43.47826086956522,
                "left": 150.72463768115944,
                "top": 105.79710144927536
            },
            "points": [
                {
                    "x": 150.72463768115944,
                    "y": 105.79710144927536
                },
                {
                    "x": 194.20289855072465,
                    "y": 105.79710144927536
                },
                {
                    "x": 194.20289855072465,
                    "y": 145.5072463768116
                },
                {
                    "x": 150.72463768115944,
                    "y": 145.5072463768116
                }
            ]
        }
    ],
    "version": "2.2.0"
}