{
    "asset": {
        "format": "jpg",
        "id": "1e2d9d73de9f56629c520e6fd12517ec",
        "name": "ok_78_result_jy_HK_1611712387.7727273.jpg",
        "path": "file:D:/-----------------------------Python/-0-0-Spider/0-0-0-0---%E7%88%AC%E8%99%AB-%E8%BF%9B%E9%98%B6/%E9%AA%8C%E8%AF%81%E7%A0%81/jy-slide/JY-slide-pic/ok_78_result_jy_HK_1611712387.7727273.jpg",
        "size": {
            "width": 260,
            "height": 160
        },
        "state": 2,
        "type": 1
    },
    "regions": [
        {
            "id": "tImsxejZV",
            "type": "RECTANGLE",
            "tags": [
                "target"
            ],
            "boundingBox": {
                "height": 46.95652173913044,
                "width": 41.44927536231884,
                "left": 173.04347826086956,
                "top": 72.7536231884058
            },
            "points": [
                {
                    "x": 173.04347826086956,
                    "y": 72.7536231884058
                },
                {
                    "x": 214.4927536231884,
                    "y": 72.7536231884058
                },
                {
                    "x": 214.4927536231884,
                    "y": 119.71014492753623
                },
                {
                    "x": 173.04347826086956,
                    "y": 119.71014492753623
                }
            ]
        }
    ],
    "version": "2.2.0"
}