{
    "asset": {
        "format": "jpg",
        "id": "1ec6feb9724704b1a61448d8e785d2b7",
        "name": "ok_13_result_jy_HK_1611711781.3346083.jpg",
        "path": "file:D:/-----------------------------Python/-0-0-Spider/0-0-0-0---%E7%88%AC%E8%99%AB-%E8%BF%9B%E9%98%B6/%E9%AA%8C%E8%AF%81%E7%A0%81/jy-slide/JY-slide-pic/ok_13_result_jy_HK_1611711781.3346083.jpg",
        "size": {
            "width": 260,
            "height": 160
        },
        "state": 2,
        "type": 1
    },
    "regions": [
        {
            "id": "3bGhwjpTg",
            "type": "RECTANGLE",
            "tags": [
                "target"
            ],
            "boundingBox": {
                "height": 40.57971014492754,
                "width": 51.88405797101449,
                "left": 140.28985507246378,
                "top": 64.92753623188406
            },
            "points": [
                {
                    "x": 140.28985507246378,
                    "y": 64.92753623188406
                },
                {
                    "x": 192.17391304347828,
                    "y": 64.92753623188406
                },
                {
                    "x": 192.17391304347828,
                    "y": 105.5072463768116
                },
                {
                    "x": 140.28985507246378,
                    "y": 105.5072463768116
                }
            ]
        }
    ],
    "version": "2.2.0"
}