{
    "asset": {
        "format": "jpg",
        "id": "20db523e8d2880ea31abc612b34b697d",
        "name": "ok_51_result_jy_HK_1611712237.0454571.jpg",
        "path": "file:D:/-----------------------------Python/-0-0-Spider/0-0-0-0---%E7%88%AC%E8%99%AB-%E8%BF%9B%E9%98%B6/%E9%AA%8C%E8%AF%81%E7%A0%81/jy-slide/JY-slide-pic/ok_51_result_jy_HK_1611712237.0454571.jpg",
        "size": {
            "width": 260,
            "height": 160
        },
        "state": 2,
        "type": 1
    },
    "regions": [
        {
            "id": "xQx0aR9Qu",
            "type": "RECTANGLE",
            "tags": [
                "target"
            ],
            "boundingBox": {
                "height": 38.550724637681164,
                "width": 51.88405797101449,
                "left": 153.6231884057971,
                "top": 25.217391304347828
            },
            "points": [
                {
                    "x": 153.6231884057971,
                    "y": 25.217391304347828
                },
                {
                    "x": 205.5072463768116,
                    "y": 25.217391304347828
                },
                {
                    "x": 205.5072463768116,
                    "y": 63.768115942028984
                },
                {
                    "x": 153.6231884057971,
                    "y": 63.768115942028984
                }
            ]
        }
    ],
    "version": "2.2.0"
}