{
    "asset": {
        "format": "jpg",
        "id": "25a905884125f3b935ef6f81dc437f21",
        "name": "ok_31_result_jy_HK_1611712134.2463248.jpg",
        "path": "file:D:/-----------------------------Python/-0-0-Spider/0-0-0-0---%E7%88%AC%E8%99%AB-%E8%BF%9B%E9%98%B6/%E9%AA%8C%E8%AF%81%E7%A0%81/jy-slide/JY-slide-pic/ok_31_result_jy_HK_1611712134.2463248.jpg",
        "size": {
            "width": 260,
            "height": 160
        },
        "state": 2,
        "type": 1
    },
    "regions": [
        {
            "id": "ov7S-tytQ",
            "type": "RECTANGLE",
            "tags": [
                "target"
            ],
            "boundingBox": {
                "height": 46.3768115942029,
                "width": 42.028985507246375,
                "left": 97.97101449275362,
                "top": 70.14492753623189
            },
            "points": [
                {
                    "x": 97.97101449275362,
                    "y": 70.14492753623189
                },
                {
                    "x": 140,
                    "y": 70.14492753623189
                },
                {
                    "x": 140,
                    "y": 116.52173913043478
                },
                {
                    "x": 97.97101449275362,
                    "y": 116.52173913043478
                }
            ]
        }
    ],
    "version": "2.2.0"
}