{
    "asset": {
        "format": "jpg",
        "id": "28f560c7f373ab3fbc0f8b3bae3148c6",
        "name": "ok_97_result_jy_HK_1611712486.4935954.jpg",
        "path": "file:D:/-----------------------------Python/-0-0-Spider/0-0-0-0---%E7%88%AC%E8%99%AB-%E8%BF%9B%E9%98%B6/%E9%AA%8C%E8%AF%81%E7%A0%81/jy-slide/JY-slide-pic/ok_97_result_jy_HK_1611712486.4935954.jpg",
        "size": {
            "width": 260,
            "height": 160
        },
        "state": 2,
        "type": 1
    },
    "regions": [
        {
            "id": "HS77BXObh",
            "type": "RECTANGLE",
            "tags": [
                "target"
            ],
            "boundingBox": {
                "height": 51.30434782608696,
                "width": 52.173913043478265,
                "left": 44.05797101449276,
                "top": 58.26086956521739
            },
            "points": [
                {
                    "x": 44.05797101449276,
                    "y": 58.26086956521739
                },
                {
                    "x": 96.23188405797102,
                    "y": 58.26086956521739
                },
                {
                    "x": 96.23188405797102,
                    "y": 109.56521739130436
                },
                {
                    "x": 44.05797101449276,
                    "y": 109.56521739130436
                }
            ]
        }
    ],
    "version": "2.2.0"
}