{
    "asset": {
        "format": "jpg",
        "id": "29793f5a815ccbd7fc64b3d254c0acc4",
        "name": "ok_36_result_jy_HK_1611712155.3226674.jpg",
        "path": "file:D:/-----------------------------Python/-0-0-Spider/0-0-0-0---%E7%88%AC%E8%99%AB-%E8%BF%9B%E9%98%B6/%E9%AA%8C%E8%AF%81%E7%A0%81/jy-slide/JY-slide-pic/ok_36_result_jy_HK_1611712155.3226674.jpg",
        "size": {
            "width": 260,
            "height": 160
        },
        "state": 2,
        "type": 1
    },
    "regions": [
        {
            "id": "QoFNEFkZI",
            "type": "RECTANGLE",
            "tags": [
                "target"
            ],
            "boundingBox": {
                "height": 39.42028985507247,
                "width": 40.869565217391305,
                "left": 68.69565217391305,
                "top": 24.92753623188406
            },
            "points": [
                {
                    "x": 68.69565217391305,
                    "y": 24.92753623188406
                },
                {
                    "x": 109.56521739130436,
                    "y": 24.92753623188406
                },
                {
                    "x": 109.56521739130436,
                    "y": 64.34782608695653
                },
                {
                    "x": 68.69565217391305,
                    "y": 64.34782608695653
                }
            ]
        }
    ],
    "version": "2.2.0"
}