{
    "asset": {
        "format": "jpg",
        "id": "2ba8b466e05c0f2fb27ca946add81c34",
        "name": "ok_58_result_jy_HK_1611712265.3102906.jpg",
        "path": "file:D:/-----------------------------Python/-0-0-Spider/0-0-0-0---%E7%88%AC%E8%99%AB-%E8%BF%9B%E9%98%B6/%E9%AA%8C%E8%AF%81%E7%A0%81/jy-slide/JY-slide-pic/ok_58_result_jy_HK_1611712265.3102906.jpg",
        "size": {
            "width": 260,
            "height": 160
        },
        "state": 2,
        "type": 1
    },
    "regions": [
        {
            "id": "jY8IGVRSC",
            "type": "RECTANGLE",
            "tags": [
                "target"
            ],
            "boundingBox": {
                "height": 41.73913043478261,
                "width": 50.14492753623188,
                "left": 117.10144927536233,
                "top": 78.26086956521739
            },
            "points": [
                {
                    "x": 117.10144927536233,
                    "y": 78.26086956521739
                },
                {
                    "x": 167.24637681159422,
                    "y": 78.26086956521739
                },
                {
                    "x": 167.24637681159422,
                    "y": 120
                },
                {
                    "x": 117.10144927536233,
                    "y": 120
                }
            ]
        }
    ],
    "version": "2.2.0"
}