{
    "asset": {
        "format": "jpg",
        "id": "2fc898035d4e3e802f451ba670530b1a",
        "name": "ok_131_result_jy_HK_1611712668.3659139.jpg",
        "path": "file:D:/-----------------------------Python/-0-0-Spider/0-0-0-0---%E7%88%AC%E8%99%AB-%E8%BF%9B%E9%98%B6/%E9%AA%8C%E8%AF%81%E7%A0%81/jy-slide/JY-slide-pic/ok_131_result_jy_HK_1611712668.3659139.jpg",
        "size": {
            "width": 260,
            "height": 160
        },
        "state": 2,
        "type": 1
    },
    "regions": [
        {
            "id": "N96lkkCfW",
            "type": "RECTANGLE",
            "tags": [
                "target"
            ],
            "boundingBox": {
                "height": 39.42028985507247,
                "width": 43.18840579710145,
                "left": 78.26086956521739,
                "top": 98.84057971014494
            },
            "points": [
                {
                    "x": 78.26086956521739,
                    "y": 98.84057971014494
                },
                {
                    "x": 121.44927536231884,
                    "y": 98.84057971014494
                },
                {
                    "x": 121.44927536231884,
                    "y": 138.2608695652174
                },
                {
                    "x": 78.26086956521739,
                    "y": 138.2608695652174
                }
            ]
        }
    ],
    "version": "2.2.0"
}