{
    "asset": {
        "format": "jpg",
        "id": "31e99a85e976c6fe8d3d30d7debc6d3a",
        "name": "ok_1_result_jy_HK_1611711970.9205458.jpg",
        "path": "file:D:/-----------------------------Python/-0-0-Spider/0-0-0-0---%E7%88%AC%E8%99%AB-%E8%BF%9B%E9%98%B6/%E9%AA%8C%E8%AF%81%E7%A0%81/jy-slide/JY-slide-pic/ok_1_result_jy_HK_1611711970.9205458.jpg",
        "size": {
            "width": 260,
            "height": 160
        },
        "state": 2,
        "type": 1
    },
    "regions": [
        {
            "id": "qTd6W86xx",
            "type": "RECTANGLE",
            "tags": [
                "target"
            ],
            "boundingBox": {
                "height": 39.42028985507247,
                "width": 41.44927536231884,
                "left": 169.85507246376812,
                "top": 61.73913043478261
            },
            "points": [
                {
                    "x": 169.85507246376812,
                    "y": 61.73913043478261
                },
                {
                    "x": 211.30434782608697,
                    "y": 61.73913043478261
                },
                {
                    "x": 211.30434782608697,
                    "y": 101.15942028985508
                },
                {
                    "x": 169.85507246376812,
                    "y": 101.15942028985508
                }
            ]
        }
    ],
    "version": "2.2.0"
}