{
    "asset": {
        "format": "jpg",
        "id": "328ea4a41e7b3c01aa46ca252076180c",
        "name": "ok_59_result_jy_HK_1611712269.500061.jpg",
        "path": "file:D:/-----------------------------Python/-0-0-Spider/0-0-0-0---%E7%88%AC%E8%99%AB-%E8%BF%9B%E9%98%B6/%E9%AA%8C%E8%AF%81%E7%A0%81/jy-slide/JY-slide-pic/ok_59_result_jy_HK_1611712269.500061.jpg",
        "size": {
            "width": 260,
            "height": 160
        },
        "state": 2,
        "type": 1
    },
    "regions": [
        {
            "id": "MQNqSbQnt",
            "type": "RECTANGLE",
            "tags": [
                "target"
            ],
            "boundingBox": {
                "height": 40.57971014492754,
                "width": 45.79710144927537,
                "left": 134.7826086956522,
                "top": 69.56521739130434
            },
            "points": [
                {
                    "x": 134.7826086956522,
                    "y": 69.56521739130434
                },
                {
                    "x": 180.57971014492753,
                    "y": 69.56521739130434
                },
                {
                    "x": 180.57971014492753,
                    "y": 110.14492753623189
                },
                {
                    "x": 134.7826086956522,
                    "y": 110.14492753623189
                }
            ]
        }
    ],
    "version": "2.2.0"
}