{
    "asset": {
        "format": "jpg",
        "id": "32fa780ea3df3506aca605b1e0278cbb",
        "name": "ok_86_result_jy_HK_1611712420.3137321.jpg",
        "path": "file:D:/-----------------------------Python/-0-0-Spider/0-0-0-0---%E7%88%AC%E8%99%AB-%E8%BF%9B%E9%98%B6/%E9%AA%8C%E8%AF%81%E7%A0%81/jy-slide/JY-slide-pic/ok_86_result_jy_HK_1611712420.3137321.jpg",
        "size": {
            "width": 260,
            "height": 160
        },
        "state": 2,
        "type": 1
    },
    "regions": [
        {
            "id": "60jFVfEsW",
            "type": "RECTANGLE",
            "tags": [
                "target"
            ],
            "boundingBox": {
                "height": 44.63768115942029,
                "width": 50.434782608695656,
                "left": 61.15942028985508,
                "top": 82.31884057971014
            },
            "points": [
                {
                    "x": 61.15942028985508,
                    "y": 82.31884057971014
                },
                {
                    "x": 111.59420289855073,
                    "y": 82.31884057971014
                },
                {
                    "x": 111.59420289855073,
                    "y": 126.95652173913044
                },
                {
                    "x": 61.15942028985508,
                    "y": 126.95652173913044
                }
            ]
        }
    ],
    "version": "2.2.0"
}