{
    "asset": {
        "format": "jpg",
        "id": "33420e5f8244cfc2c3e754e51824c14e",
        "name": "ok_11_result_jy_HK_1611711774.0445187.jpg",
        "path": "file:D:/-----------------------------Python/-0-0-Spider/0-0-0-0---%E7%88%AC%E8%99%AB-%E8%BF%9B%E9%98%B6/%E9%AA%8C%E8%AF%81%E7%A0%81/jy-slide/JY-slide-pic/ok_11_result_jy_HK_1611711774.0445187.jpg",
        "size": {
            "width": 260,
            "height": 160
        },
        "state": 2,
        "type": 1
    },
    "regions": [
        {
            "id": "Gq_TI6IoA",
            "type": "RECTANGLE",
            "tags": [
                "target"
            ],
            "boundingBox": {
                "height": 47.2463768115942,
                "width": 44.34782608695652,
                "left": 131.0144927536232,
                "top": 96.23188405797102
            },
            "points": [
                {
                    "x": 131.0144927536232,
                    "y": 96.23188405797102
                },
                {
                    "x": 175.36231884057972,
                    "y": 96.23188405797102
                },
                {
                    "x": 175.36231884057972,
                    "y": 143.47826086956522
                },
                {
                    "x": 131.0144927536232,
                    "y": 143.47826086956522
                }
            ]
        }
    ],
    "version": "2.2.0"
}