{
    "asset": {
        "format": "jpg",
        "id": "3543a9fd6b84036854d646e476d50a07",
        "name": "ok_115_result_jy_HK_1611712581.5149846.jpg",
        "path": "file:D:/-----------------------------Python/-0-0-Spider/0-0-0-0---%E7%88%AC%E8%99%AB-%E8%BF%9B%E9%98%B6/%E9%AA%8C%E8%AF%81%E7%A0%81/jy-slide/JY-slide-pic/ok_115_result_jy_HK_1611712581.5149846.jpg",
        "size": {
            "width": 260,
            "height": 160
        },
        "state": 2,
        "type": 1
    },
    "regions": [
        {
            "id": "P6O4r0X8A",
            "type": "RECTANGLE",
            "tags": [
                "target"
            ],
            "boundingBox": {
                "height": 40.869565217391305,
                "width": 43.768115942028984,
                "left": 156.52173913043478,
                "top": 53.04347826086957
            },
            "points": [
                {
                    "x": 156.52173913043478,
                    "y": 53.04347826086957
                },
                {
                    "x": 200.28985507246378,
                    "y": 53.04347826086957
                },
                {
                    "x": 200.28985507246378,
                    "y": 93.91304347826087
                },
                {
                    "x": 156.52173913043478,
                    "y": 93.91304347826087
                }
            ]
        }
    ],
    "version": "2.2.0"
}