{
    "asset": {
        "format": "jpg",
        "id": "37333f56745f9521daa32f716c10a084",
        "name": "ok_107_result_jy_HK_1611712548.1685858.jpg",
        "path": "file:D:/-----------------------------Python/-0-0-Spider/0-0-0-0---%E7%88%AC%E8%99%AB-%E8%BF%9B%E9%98%B6/%E9%AA%8C%E8%AF%81%E7%A0%81/jy-slide/JY-slide-pic/ok_107_result_jy_HK_1611712548.1685858.jpg",
        "size": {
            "width": 260,
            "height": 160
        },
        "state": 2,
        "type": 1
    },
    "regions": [
        {
            "id": "DdqKAw1jS",
            "type": "RECTANGLE",
            "tags": [
                "target"
            ],
            "boundingBox": {
                "height": 40.57971014492754,
                "width": 47.82608695652174,
                "left": 93.62318840579711,
                "top": 77.3913043478261
            },
            "points": [
                {
                    "x": 93.62318840579711,
                    "y": 77.3913043478261
                },
                {
                    "x": 141.44927536231884,
                    "y": 77.3913043478261
                },
                {
                    "x": 141.44927536231884,
                    "y": 117.97101449275362
                },
                {
                    "x": 93.62318840579711,
                    "y": 117.97101449275362
                }
            ]
        }
    ],
    "version": "2.2.0"
}