{
    "asset": {
        "format": "jpg",
        "id": "388337947756afc8b12bc476c4d22d97",
        "name": "ok_10_result_jy_HK_1611711769.945994.jpg",
        "path": "file:D:/-----------------------------Python/-0-0-Spider/0-0-0-0---%E7%88%AC%E8%99%AB-%E8%BF%9B%E9%98%B6/%E9%AA%8C%E8%AF%81%E7%A0%81/jy-slide/JY-slide-pic/ok_10_result_jy_HK_1611711769.945994.jpg",
        "size": {
            "width": 260,
            "height": 160
        },
        "state": 2,
        "type": 1
    },
    "regions": [
        {
            "id": "1Jl8mElBE",
            "type": "RECTANGLE",
            "tags": [
                "target"
            ],
            "boundingBox": {
                "height": 44.05797101449276,
                "width": 44.05797101449276,
                "left": 147.24637681159422,
                "top": 71.59420289855073
            },
            "points": [
                {
                    "x": 147.24637681159422,
                    "y": 71.59420289855073
                },
                {
                    "x": 191.30434782608697,
                    "y": 71.59420289855073
                },
                {
                    "x": 191.30434782608697,
                    "y": 115.65217391304348
                },
                {
                    "x": 147.24637681159422,
                    "y": 115.65217391304348
                }
            ]
        }
    ],
    "version": "2.2.0"
}