{
    "asset": {
        "format": "jpg",
        "id": "38859217e953a9a438b7620326c3942e",
        "name": "ok_141_result_jy_HK_1611712730.4503703.jpg",
        "path": "file:D:/-----------------------------Python/-0-0-Spider/0-0-0-0---%E7%88%AC%E8%99%AB-%E8%BF%9B%E9%98%B6/%E9%AA%8C%E8%AF%81%E7%A0%81/jy-slide/JY-slide-pic/ok_141_result_jy_HK_1611712730.4503703.jpg",
        "size": {
            "width": 260,
            "height": 160
        },
        "state": 2,
        "type": 1
    },
    "regions": [
        {
            "id": "w0VFAx_IG",
            "type": "RECTANGLE",
            "tags": [
                "target"
            ],
            "boundingBox": {
                "height": 43.47826086956522,
                "width": 42.608695652173914,
                "left": 142.31884057971016,
                "top": 34.492753623188406
            },
            "points": [
                {
                    "x": 142.31884057971016,
                    "y": 34.492753623188406
                },
                {
                    "x": 184.92753623188406,
                    "y": 34.492753623188406
                },
                {
                    "x": 184.92753623188406,
                    "y": 77.97101449275362
                },
                {
                    "x": 142.31884057971016,
                    "y": 77.97101449275362
                }
            ]
        }
    ],
    "version": "2.2.0"
}