{
    "asset": {
        "format": "jpg",
        "id": "39ce7d65d2c30af273460dd5e0636c02",
        "name": "ok_88_result_jy_HK_1611712428.8039284.jpg",
        "path": "file:D:/-----------------------------Python/-0-0-Spider/0-0-0-0---%E7%88%AC%E8%99%AB-%E8%BF%9B%E9%98%B6/%E9%AA%8C%E8%AF%81%E7%A0%81/jy-slide/JY-slide-pic/ok_88_result_jy_HK_1611712428.8039284.jpg",
        "size": {
            "width": 260,
            "height": 160
        },
        "state": 2,
        "type": 1
    },
    "regions": [
        {
            "id": "1qinUcFuO",
            "type": "RECTANGLE",
            "tags": [
                "target"
            ],
            "boundingBox": {
                "height": 37.971014492753625,
                "width": 41.15942028985507,
                "left": 115.65217391304348,
                "top": 97.10144927536233
            },
            "points": [
                {
                    "x": 115.65217391304348,
                    "y": 97.10144927536233
                },
                {
                    "x": 156.81159420289856,
                    "y": 97.10144927536233
                },
                {
                    "x": 156.81159420289856,
                    "y": 135.07246376811594
                },
                {
                    "x": 115.65217391304348,
                    "y": 135.07246376811594
                }
            ]
        }
    ],
    "version": "2.2.0"
}