{
    "asset": {
        "format": "jpg",
        "id": "3b6b79a94802c26ac97ff977e5f1b7a2",
        "name": "ok_14_result_jy_HK_1611711784.767845.jpg",
        "path": "file:D:/-----------------------------Python/-0-0-Spider/0-0-0-0---%E7%88%AC%E8%99%AB-%E8%BF%9B%E9%98%B6/%E9%AA%8C%E8%AF%81%E7%A0%81/jy-slide/JY-slide-pic/ok_14_result_jy_HK_1611711784.767845.jpg",
        "size": {
            "width": 260,
            "height": 160
        },
        "state": 2,
        "type": 1
    },
    "regions": [
        {
            "id": "KSZAt3LL9",
            "type": "RECTANGLE",
            "tags": [
                "target"
            ],
            "boundingBox": {
                "height": 40.57971014492754,
                "width": 46.95652173913044,
                "left": 93.62318840579711,
                "top": 77.3913043478261
            },
            "points": [
                {
                    "x": 93.62318840579711,
                    "y": 77.3913043478261
                },
                {
                    "x": 140.57971014492753,
                    "y": 77.3913043478261
                },
                {
                    "x": 140.57971014492753,
                    "y": 117.97101449275362
                },
                {
                    "x": 93.62318840579711,
                    "y": 117.97101449275362
                }
            ]
        }
    ],
    "version": "2.2.0"
}