{
    "asset": {
        "format": "jpg",
        "id": "3ca704f2178dcf36f0022dd0af423f65",
        "name": "ok_71_result_jy_HK_1611712338.7975922.jpg",
        "path": "file:D:/-----------------------------Python/-0-0-Spider/0-0-0-0---%E7%88%AC%E8%99%AB-%E8%BF%9B%E9%98%B6/%E9%AA%8C%E8%AF%81%E7%A0%81/jy-slide/JY-slide-pic/ok_71_result_jy_HK_1611712338.7975922.jpg",
        "size": {
            "width": 260,
            "height": 160
        },
        "state": 2,
        "type": 1
    },
    "regions": [
        {
            "id": "XWB_4UYsq",
            "type": "RECTANGLE",
            "tags": [
                "target"
            ],
            "boundingBox": {
                "height": 43.47826086956522,
                "width": 42.608695652173914,
                "left": 155.07246376811594,
                "top": 59.42028985507247
            },
            "points": [
                {
                    "x": 155.07246376811594,
                    "y": 59.42028985507247
                },
                {
                    "x": 197.68115942028987,
                    "y": 59.42028985507247
                },
                {
                    "x": 197.68115942028987,
                    "y": 102.89855072463769
                },
                {
                    "x": 155.07246376811594,
                    "y": 102.89855072463769
                }
            ]
        }
    ],
    "version": "2.2.0"
}