{
    "asset": {
        "format": "jpg",
        "id": "3caf78a12be1ce27d1e8697fd4fe1d2b",
        "name": "ok_52_result_jy_HK_1611712241.0395458.jpg",
        "path": "file:D:/-----------------------------Python/-0-0-Spider/0-0-0-0---%E7%88%AC%E8%99%AB-%E8%BF%9B%E9%98%B6/%E9%AA%8C%E8%AF%81%E7%A0%81/jy-slide/JY-slide-pic/ok_52_result_jy_HK_1611712241.0395458.jpg",
        "size": {
            "width": 260,
            "height": 160
        },
        "state": 2,
        "type": 1
    },
    "regions": [
        {
            "id": "OQi_HWuwK",
            "type": "RECTANGLE",
            "tags": [
                "target"
            ],
            "boundingBox": {
                "height": 42.028985507246375,
                "width": 41.73913043478261,
                "left": 160.57971014492753,
                "top": 45.79710144927537
            },
            "points": [
                {
                    "x": 160.57971014492753,
                    "y": 45.79710144927537
                },
                {
                    "x": 202.31884057971016,
                    "y": 45.79710144927537
                },
                {
                    "x": 202.31884057971016,
                    "y": 87.82608695652175
                },
                {
                    "x": 160.57971014492753,
                    "y": 87.82608695652175
                }
            ]
        }
    ],
    "version": "2.2.0"
}