{
    "asset": {
        "format": "jpg",
        "id": "405b9534c86910c714636d400df1bac9",
        "name": "ok_137_result_jy_HK_1611712713.8746867.jpg",
        "path": "file:D:/-----------------------------Python/-0-0-Spider/0-0-0-0---%E7%88%AC%E8%99%AB-%E8%BF%9B%E9%98%B6/%E9%AA%8C%E8%AF%81%E7%A0%81/jy-slide/JY-slide-pic/ok_137_result_jy_HK_1611712713.8746867.jpg",
        "size": {
            "width": 260,
            "height": 160
        },
        "state": 2,
        "type": 1
    },
    "regions": [
        {
            "id": "cynmd6bZ-",
            "type": "RECTANGLE",
            "tags": [
                "target"
            ],
            "boundingBox": {
                "height": 39.42028985507247,
                "width": 51.30434782608696,
                "left": 109.27536231884058,
                "top": 60.28985507246377
            },
            "points": [
                {
                    "x": 109.27536231884058,
                    "y": 60.28985507246377
                },
                {
                    "x": 160.57971014492753,
                    "y": 60.28985507246377
                },
                {
                    "x": 160.57971014492753,
                    "y": 99.71014492753623
                },
                {
                    "x": 109.27536231884058,
                    "y": 99.71014492753623
                }
            ]
        }
    ],
    "version": "2.2.0"
}