{
    "asset": {
        "format": "jpg",
        "id": "406befc0b8afcc2338c9293a32a47d7b",
        "name": "ok_50_result_jy_HK_1611712233.0857675.jpg",
        "path": "file:D:/-----------------------------Python/-0-0-Spider/0-0-0-0---%E7%88%AC%E8%99%AB-%E8%BF%9B%E9%98%B6/%E9%AA%8C%E8%AF%81%E7%A0%81/jy-slide/JY-slide-pic/ok_50_result_jy_HK_1611712233.0857675.jpg",
        "size": {
            "width": 260,
            "height": 160
        },
        "state": 2,
        "type": 1
    },
    "regions": [
        {
            "id": "6fJ6EmiC2",
            "type": "RECTANGLE",
            "tags": [
                "target"
            ],
            "boundingBox": {
                "height": 45.507246376811594,
                "width": 47.536231884057976,
                "left": 135.94202898550725,
                "top": 69.85507246376812
            },
            "points": [
                {
                    "x": 135.94202898550725,
                    "y": 69.85507246376812
                },
                {
                    "x": 183.47826086956522,
                    "y": 69.85507246376812
                },
                {
                    "x": 183.47826086956522,
                    "y": 115.36231884057972
                },
                {
                    "x": 135.94202898550725,
                    "y": 115.36231884057972
                }
            ]
        }
    ],
    "version": "2.2.0"
}