{
    "asset": {
        "format": "jpg",
        "id": "429739d22689ae54a260a9deb7333d33",
        "name": "ok_12_result_jy_HK_1611712015.0855594.jpg",
        "path": "file:D:/-----------------------------Python/-0-0-Spider/0-0-0-0---%E7%88%AC%E8%99%AB-%E8%BF%9B%E9%98%B6/%E9%AA%8C%E8%AF%81%E7%A0%81/jy-slide/JY-slide-pic/ok_12_result_jy_HK_1611712015.0855594.jpg",
        "size": {
            "width": 260,
            "height": 160
        },
        "state": 2,
        "type": 1
    },
    "regions": [
        {
            "id": "0zQZ6Czx9",
            "type": "RECTANGLE",
            "tags": [
                "target"
            ],
            "boundingBox": {
                "height": 43.47826086956522,
                "width": 42.31884057971015,
                "left": 141.44927536231884,
                "top": 51.594202898550726
            },
            "points": [
                {
                    "x": 141.44927536231884,
                    "y": 51.594202898550726
                },
                {
                    "x": 183.768115942029,
                    "y": 51.594202898550726
                },
                {
                    "x": 183.768115942029,
                    "y": 95.07246376811595
                },
                {
                    "x": 141.44927536231884,
                    "y": 95.07246376811595
                }
            ]
        }
    ],
    "version": "2.2.0"
}