{
    "asset": {
        "format": "jpg",
        "id": "45d02182249a9a684a0d3f0bd7e3d4bd",
        "name": "ok_89_result_jy_HK_1611712433.5399578.jpg",
        "path": "file:D:/-----------------------------Python/-0-0-Spider/0-0-0-0---%E7%88%AC%E8%99%AB-%E8%BF%9B%E9%98%B6/%E9%AA%8C%E8%AF%81%E7%A0%81/jy-slide/JY-slide-pic/ok_89_result_jy_HK_1611712433.5399578.jpg",
        "size": {
            "width": 260,
            "height": 160
        },
        "state": 2,
        "type": 1
    },
    "regions": [
        {
            "id": "K14p_TIGM",
            "type": "RECTANGLE",
            "tags": [
                "target"
            ],
            "boundingBox": {
                "height": 40.28985507246377,
                "width": 46.95652173913044,
                "left": 151.8840579710145,
                "top": 60.28985507246377
            },
            "points": [
                {
                    "x": 151.8840579710145,
                    "y": 60.28985507246377
                },
                {
                    "x": 198.84057971014494,
                    "y": 60.28985507246377
                },
                {
                    "x": 198.84057971014494,
                    "y": 100.57971014492755
                },
                {
                    "x": 151.8840579710145,
                    "y": 100.57971014492755
                }
            ]
        }
    ],
    "version": "2.2.0"
}