{
    "asset": {
        "format": "jpg",
        "id": "4e48e54137e8ff8dd7358a4aaa6f6b9d",
        "name": "ok_116_result_jy_HK_1611712585.5406845.jpg",
        "path": "file:D:/-----------------------------Python/-0-0-Spider/0-0-0-0---%E7%88%AC%E8%99%AB-%E8%BF%9B%E9%98%B6/%E9%AA%8C%E8%AF%81%E7%A0%81/jy-slide/JY-slide-pic/ok_116_result_jy_HK_1611712585.5406845.jpg",
        "size": {
            "width": 260,
            "height": 160
        },
        "state": 2,
        "type": 1
    },
    "regions": [
        {
            "id": "arjYyqBDJ",
            "type": "RECTANGLE",
            "tags": [
                "target"
            ],
            "boundingBox": {
                "height": 38.84057971014493,
                "width": 41.44927536231884,
                "left": 74.20289855072464,
                "top": 81.73913043478261
            },
            "points": [
                {
                    "x": 74.20289855072464,
                    "y": 81.73913043478261
                },
                {
                    "x": 115.65217391304348,
                    "y": 81.73913043478261
                },
                {
                    "x": 115.65217391304348,
                    "y": 120.57971014492755
                },
                {
                    "x": 74.20289855072464,
                    "y": 120.57971014492755
                }
            ]
        }
    ],
    "version": "2.2.0"
}