{
    "asset": {
        "format": "jpg",
        "id": "4eaf6be49f28e4011e728d3d15b59776",
        "name": "ok_100_result_jy_HK_1611712498.9175086.jpg",
        "path": "file:D:/-----------------------------Python/-0-0-Spider/0-0-0-0---%E7%88%AC%E8%99%AB-%E8%BF%9B%E9%98%B6/%E9%AA%8C%E8%AF%81%E7%A0%81/jy-slide/JY-slide-pic/ok_100_result_jy_HK_1611712498.9175086.jpg",
        "size": {
            "width": 260,
            "height": 160
        },
        "state": 2,
        "type": 1
    },
    "regions": [
        {
            "id": "Cgp0qPnBE",
            "type": "RECTANGLE",
            "tags": [
                "target"
            ],
            "boundingBox": {
                "height": 39.710144927536234,
                "width": 46.66666666666667,
                "left": 156.23188405797103,
                "top": 16.231884057971016
            },
            "points": [
                {
                    "x": 156.23188405797103,
                    "y": 16.231884057971016
                },
                {
                    "x": 202.8985507246377,
                    "y": 16.231884057971016
                },
                {
                    "x": 202.8985507246377,
                    "y": 55.94202898550725
                },
                {
                    "x": 156.23188405797103,
                    "y": 55.94202898550725
                }
            ]
        }
    ],
    "version": "2.2.0"
}