{
    "asset": {
        "format": "jpg",
        "id": "4f51fc2c895ea239060333ffd3202a4f",
        "name": "ok_20_result_jy_HK_1611712067.556642.jpg",
        "path": "file:D:/-----------------------------Python/-0-0-Spider/0-0-0-0---%E7%88%AC%E8%99%AB-%E8%BF%9B%E9%98%B6/%E9%AA%8C%E8%AF%81%E7%A0%81/jy-slide/JY-slide-pic/ok_20_result_jy_HK_1611712067.556642.jpg",
        "size": {
            "width": 260,
            "height": 160
        },
        "state": 2,
        "type": 1
    },
    "regions": [
        {
            "id": "SWthzn-6Y",
            "type": "RECTANGLE",
            "tags": [
                "target"
            ],
            "boundingBox": {
                "height": 43.18840579710145,
                "width": 40.57971014492754,
                "left": 111.01449275362319,
                "top": 84.6376811594203
            },
            "points": [
                {
                    "x": 111.01449275362319,
                    "y": 84.6376811594203
                },
                {
                    "x": 151.59420289855072,
                    "y": 84.6376811594203
                },
                {
                    "x": 151.59420289855072,
                    "y": 127.82608695652175
                },
                {
                    "x": 111.01449275362319,
                    "y": 127.82608695652175
                }
            ]
        }
    ],
    "version": "2.2.0"
}