{
    "asset": {
        "format": "jpg",
        "id": "5068be62c46681fe6fda5246f2e6e0f4",
        "name": "ok_133_result_jy_HK_1611712676.50363.jpg",
        "path": "file:D:/-----------------------------Python/-0-0-Spider/0-0-0-0---%E7%88%AC%E8%99%AB-%E8%BF%9B%E9%98%B6/%E9%AA%8C%E8%AF%81%E7%A0%81/jy-slide/JY-slide-pic/ok_133_result_jy_HK_1611712676.50363.jpg",
        "size": {
            "width": 260,
            "height": 160
        },
        "state": 2,
        "type": 1
    },
    "regions": [
        {
            "id": "92hVRs_ED",
            "type": "RECTANGLE",
            "tags": [
                "target"
            ],
            "boundingBox": {
                "height": 40.869565217391305,
                "width": 46.95652173913044,
                "left": 114.20289855072464,
                "top": 31.594202898550726
            },
            "points": [
                {
                    "x": 114.20289855072464,
                    "y": 31.594202898550726
                },
                {
                    "x": 161.1594202898551,
                    "y": 31.594202898550726
                },
                {
                    "x": 161.1594202898551,
                    "y": 72.46376811594203
                },
                {
                    "x": 114.20289855072464,
                    "y": 72.46376811594203
                }
            ]
        }
    ],
    "version": "2.2.0"
}