{
    "asset": {
        "format": "jpg",
        "id": "518058d8abb7bad6cb82fa51d1ffc6b3",
        "name": "ok_109_result_jy_HK_1611712556.3958802.jpg",
        "path": "file:D:/-----------------------------Python/-0-0-Spider/0-0-0-0---%E7%88%AC%E8%99%AB-%E8%BF%9B%E9%98%B6/%E9%AA%8C%E8%AF%81%E7%A0%81/jy-slide/JY-slide-pic/ok_109_result_jy_HK_1611712556.3958802.jpg",
        "size": {
            "width": 260,
            "height": 160
        },
        "state": 2,
        "type": 1
    },
    "regions": [
        {
            "id": "Vs60BtnUn",
            "type": "RECTANGLE",
            "tags": [
                "target"
            ],
            "boundingBox": {
                "height": 41.15942028985507,
                "width": 49.85507246376812,
                "left": 79.42028985507247,
                "top": 62.31884057971015
            },
            "points": [
                {
                    "x": 79.42028985507247,
                    "y": 62.31884057971015
                },
                {
                    "x": 129.2753623188406,
                    "y": 62.31884057971015
                },
                {
                    "x": 129.2753623188406,
                    "y": 103.47826086956522
                },
                {
                    "x": 79.42028985507247,
                    "y": 103.47826086956522
                }
            ]
        }
    ],
    "version": "2.2.0"
}