{
    "asset": {
        "format": "jpg",
        "id": "540c177248f63c5e8f85d4458fec0c87",
        "name": "ok_95_result_jy_HK_1611712478.4046676.jpg",
        "path": "file:D:/-----------------------------Python/-0-0-Spider/0-0-0-0---%E7%88%AC%E8%99%AB-%E8%BF%9B%E9%98%B6/%E9%AA%8C%E8%AF%81%E7%A0%81/jy-slide/JY-slide-pic/ok_95_result_jy_HK_1611712478.4046676.jpg",
        "size": {
            "width": 260,
            "height": 160
        },
        "state": 2,
        "type": 1
    },
    "regions": [
        {
            "id": "a-rAlDutW",
            "type": "RECTANGLE",
            "tags": [
                "target"
            ],
            "boundingBox": {
                "height": 39.42028985507247,
                "width": 43.18840579710145,
                "left": 153.04347826086956,
                "top": 49.85507246376812
            },
            "points": [
                {
                    "x": 153.04347826086956,
                    "y": 49.85507246376812
                },
                {
                    "x": 196.23188405797103,
                    "y": 49.85507246376812
                },
                {
                    "x": 196.23188405797103,
                    "y": 89.27536231884058
                },
                {
                    "x": 153.04347826086956,
                    "y": 89.27536231884058
                }
            ]
        }
    ],
    "version": "2.2.0"
}