{
    "asset": {
        "format": "jpg",
        "id": "54ae2408ac960b197e14f3f6a029d7e5",
        "name": "ok_44_result_jy_HK_1611712188.0930579.jpg",
        "path": "file:D:/-----------------------------Python/-0-0-Spider/0-0-0-0---%E7%88%AC%E8%99%AB-%E8%BF%9B%E9%98%B6/%E9%AA%8C%E8%AF%81%E7%A0%81/jy-slide/JY-slide-pic/ok_44_result_jy_HK_1611712188.0930579.jpg",
        "size": {
            "width": 260,
            "height": 160
        },
        "state": 2,
        "type": 1
    },
    "regions": [
        {
            "id": "pr9AdnRzD",
            "type": "RECTANGLE",
            "tags": [
                "target"
            ],
            "boundingBox": {
                "height": 38.550724637681164,
                "width": 43.18840579710145,
                "left": 144.63768115942028,
                "top": 57.391304347826086
            },
            "points": [
                {
                    "x": 144.63768115942028,
                    "y": 57.391304347826086
                },
                {
                    "x": 187.82608695652175,
                    "y": 57.391304347826086
                },
                {
                    "x": 187.82608695652175,
                    "y": 95.94202898550725
                },
                {
                    "x": 144.63768115942028,
                    "y": 95.94202898550725
                }
            ]
        }
    ],
    "version": "2.2.0"
}