{
    "asset": {
        "format": "jpg",
        "id": "556940eee8ed7f80b7034dd5eed3b041",
        "name": "ok_127_result_jy_HK_1611712651.7034101.jpg",
        "path": "file:D:/-----------------------------Python/-0-0-Spider/0-0-0-0---%E7%88%AC%E8%99%AB-%E8%BF%9B%E9%98%B6/%E9%AA%8C%E8%AF%81%E7%A0%81/jy-slide/JY-slide-pic/ok_127_result_jy_HK_1611712651.7034101.jpg",
        "size": {
            "width": 260,
            "height": 160
        },
        "state": 2,
        "type": 1
    },
    "regions": [
        {
            "id": "tZfuAZRVr",
            "type": "RECTANGLE",
            "tags": [
                "target"
            ],
            "boundingBox": {
                "height": 44.34782608695652,
                "width": 44.05797101449276,
                "left": 146.3768115942029,
                "top": 71.30434782608695
            },
            "points": [
                {
                    "x": 146.3768115942029,
                    "y": 71.30434782608695
                },
                {
                    "x": 190.43478260869566,
                    "y": 71.30434782608695
                },
                {
                    "x": 190.43478260869566,
                    "y": 115.65217391304348
                },
                {
                    "x": 146.3768115942029,
                    "y": 115.65217391304348
                }
            ]
        }
    ],
    "version": "2.2.0"
}