{
    "asset": {
        "format": "jpg",
        "id": "55d4278dd1fd5189c13714bd8a933952",
        "name": "ok_29_result_jy_HK_1611712105.7008832.jpg",
        "path": "file:D:/-----------------------------Python/-0-0-Spider/0-0-0-0---%E7%88%AC%E8%99%AB-%E8%BF%9B%E9%98%B6/%E9%AA%8C%E8%AF%81%E7%A0%81/jy-slide/JY-slide-pic/ok_29_result_jy_HK_1611712105.7008832.jpg",
        "size": {
            "width": 260,
            "height": 160
        },
        "state": 2,
        "type": 1
    },
    "regions": [
        {
            "id": "P7ZJj7HSc",
            "type": "RECTANGLE",
            "tags": [
                "target"
            ],
            "boundingBox": {
                "height": 37.68115942028986,
                "width": 52.46376811594203,
                "left": 139.42028985507247,
                "top": 46.3768115942029
            },
            "points": [
                {
                    "x": 139.42028985507247,
                    "y": 46.3768115942029
                },
                {
                    "x": 191.8840579710145,
                    "y": 46.3768115942029
                },
                {
                    "x": 191.8840579710145,
                    "y": 84.05797101449275
                },
                {
                    "x": 139.42028985507247,
                    "y": 84.05797101449275
                }
            ]
        }
    ],
    "version": "2.2.0"
}