{
    "asset": {
        "format": "jpg",
        "id": "57184ca56e3e9953dbb63b1d6b2be0b2",
        "name": "ok_102_result_jy_HK_1611712507.328957.jpg",
        "path": "file:D:/-----------------------------Python/-0-0-Spider/0-0-0-0---%E7%88%AC%E8%99%AB-%E8%BF%9B%E9%98%B6/%E9%AA%8C%E8%AF%81%E7%A0%81/jy-slide/JY-slide-pic/ok_102_result_jy_HK_1611712507.328957.jpg",
        "size": {
            "width": 260,
            "height": 160
        },
        "state": 2,
        "type": 1
    },
    "regions": [
        {
            "id": "bEwnhS_FO",
            "type": "RECTANGLE",
            "tags": [
                "target"
            ],
            "boundingBox": {
                "height": 47.536231884057976,
                "width": 40,
                "left": 101.73913043478261,
                "top": 31.01449275362319
            },
            "points": [
                {
                    "x": 101.73913043478261,
                    "y": 31.01449275362319
                },
                {
                    "x": 141.73913043478262,
                    "y": 31.01449275362319
                },
                {
                    "x": 141.73913043478262,
                    "y": 78.55072463768116
                },
                {
                    "x": 101.73913043478261,
                    "y": 78.55072463768116
                }
            ]
        }
    ],
    "version": "2.2.0"
}