{
    "asset": {
        "format": "jpg",
        "id": "57ec5620ea14cac4b21f063e5b951c97",
        "name": "ok_8_result_jy_HK_1611711999.0953739.jpg",
        "path": "file:D:/-----------------------------Python/-0-0-Spider/0-0-0-0---%E7%88%AC%E8%99%AB-%E8%BF%9B%E9%98%B6/%E9%AA%8C%E8%AF%81%E7%A0%81/jy-slide/JY-slide-pic/ok_8_result_jy_HK_1611711999.0953739.jpg",
        "size": {
            "width": 260,
            "height": 160
        },
        "state": 2,
        "type": 1
    },
    "regions": [
        {
            "id": "h6Es6Msc8",
            "type": "RECTANGLE",
            "tags": [
                "target"
            ],
            "boundingBox": {
                "height": 46.08695652173913,
                "width": 46.66666666666667,
                "left": 147.53623188405797,
                "top": 34.78260869565217
            },
            "points": [
                {
                    "x": 147.53623188405797,
                    "y": 34.78260869565217
                },
                {
                    "x": 194.20289855072465,
                    "y": 34.78260869565217
                },
                {
                    "x": 194.20289855072465,
                    "y": 80.86956521739131
                },
                {
                    "x": 147.53623188405797,
                    "y": 80.86956521739131
                }
            ]
        }
    ],
    "version": "2.2.0"
}