{
    "asset": {
        "format": "jpg",
        "id": "58c18462e096a98c02cfababb0a39485",
        "name": "ok_83_result_jy_HK_1611712407.7740414.jpg",
        "path": "file:D:/-----------------------------Python/-0-0-Spider/0-0-0-0---%E7%88%AC%E8%99%AB-%E8%BF%9B%E9%98%B6/%E9%AA%8C%E8%AF%81%E7%A0%81/jy-slide/JY-slide-pic/ok_83_result_jy_HK_1611712407.7740414.jpg",
        "size": {
            "width": 260,
            "height": 160
        },
        "state": 2,
        "type": 1
    },
    "regions": [
        {
            "id": "3mzT51rtP",
            "type": "RECTANGLE",
            "tags": [
                "target"
            ],
            "boundingBox": {
                "height": 43.768115942028984,
                "width": 41.44927536231884,
                "left": 111.30434782608697,
                "top": 62.608695652173914
            },
            "points": [
                {
                    "x": 111.30434782608697,
                    "y": 62.608695652173914
                },
                {
                    "x": 152.7536231884058,
                    "y": 62.608695652173914
                },
                {
                    "x": 152.7536231884058,
                    "y": 106.3768115942029
                },
                {
                    "x": 111.30434782608697,
                    "y": 106.3768115942029
                }
            ]
        }
    ],
    "version": "2.2.0"
}