{
    "asset": {
        "format": "jpg",
        "id": "5a0fa05dd7750e49df300e3d22472dff",
        "name": "ok_70_result_jy_HK_1611712334.6235917.jpg",
        "path": "file:D:/-----------------------------Python/-0-0-Spider/0-0-0-0---%E7%88%AC%E8%99%AB-%E8%BF%9B%E9%98%B6/%E9%AA%8C%E8%AF%81%E7%A0%81/jy-slide/JY-slide-pic/ok_70_result_jy_HK_1611712334.6235917.jpg",
        "size": {
            "width": 260,
            "height": 160
        },
        "state": 2,
        "type": 1
    },
    "regions": [
        {
            "id": "SfmTxH9nb",
            "type": "RECTANGLE",
            "tags": [
                "target"
            ],
            "boundingBox": {
                "height": 39.130434782608695,
                "width": 44.34782608695652,
                "left": 138.84057971014494,
                "top": 73.04347826086956
            },
            "points": [
                {
                    "x": 138.84057971014494,
                    "y": 73.04347826086956
                },
                {
                    "x": 183.18840579710147,
                    "y": 73.04347826086956
                },
                {
                    "x": 183.18840579710147,
                    "y": 112.17391304347827
                },
                {
                    "x": 138.84057971014494,
                    "y": 112.17391304347827
                }
            ]
        }
    ],
    "version": "2.2.0"
}