{
    "asset": {
        "format": "jpg",
        "id": "5a5e24e40104ce6ae26d227a238d5a73",
        "name": "ok_2_result_jy_HK_1611711975.028783.jpg",
        "path": "file:D:/-----------------------------Python/-0-0-Spider/0-0-0-0---%E7%88%AC%E8%99%AB-%E8%BF%9B%E9%98%B6/%E9%AA%8C%E8%AF%81%E7%A0%81/jy-slide/JY-slide-pic/ok_2_result_jy_HK_1611711975.028783.jpg",
        "size": {
            "width": 260,
            "height": 160
        },
        "state": 2,
        "type": 1
    },
    "regions": [
        {
            "id": "ufLFqm3AU",
            "type": "RECTANGLE",
            "tags": [
                "target"
            ],
            "boundingBox": {
                "height": 44.63768115942029,
                "width": 47.2463768115942,
                "left": 94.78260869565217,
                "top": 70.43478260869566
            },
            "points": [
                {
                    "x": 94.78260869565217,
                    "y": 70.43478260869566
                },
                {
                    "x": 142.02898550724638,
                    "y": 70.43478260869566
                },
                {
                    "x": 142.02898550724638,
                    "y": 115.07246376811595
                },
                {
                    "x": 94.78260869565217,
                    "y": 115.07246376811595
                }
            ]
        }
    ],
    "version": "2.2.0"
}