{
    "asset": {
        "format": "jpg",
        "id": "5ba0c2eb6e1ceea3f216eff7a7730ac9",
        "name": "ok_148_result_jy_HK_1611712759.207652.jpg",
        "path": "file:D:/-----------------------------Python/-0-0-Spider/0-0-0-0---%E7%88%AC%E8%99%AB-%E8%BF%9B%E9%98%B6/%E9%AA%8C%E8%AF%81%E7%A0%81/jy-slide/JY-slide-pic/ok_148_result_jy_HK_1611712759.207652.jpg",
        "size": {
            "width": 260,
            "height": 160
        },
        "state": 2,
        "type": 1
    },
    "regions": [
        {
            "id": "P-A0cp1up",
            "type": "RECTANGLE",
            "tags": [
                "target"
            ],
            "boundingBox": {
                "height": 43.18840579710145,
                "width": 43.47826086956522,
                "left": 126.66666666666667,
                "top": 48.405797101449274
            },
            "points": [
                {
                    "x": 126.66666666666667,
                    "y": 48.405797101449274
                },
                {
                    "x": 170.1449275362319,
                    "y": 48.405797101449274
                },
                {
                    "x": 170.1449275362319,
                    "y": 91.59420289855073
                },
                {
                    "x": 126.66666666666667,
                    "y": 91.59420289855073
                }
            ]
        }
    ],
    "version": "2.2.0"
}