{
    "asset": {
        "format": "jpg",
        "id": "5cc37975237a9c478d1ecf7623461b55",
        "name": "ok_16_result_jy_HK_1611711792.1105983.jpg",
        "path": "file:D:/-----------------------------Python/-0-0-Spider/0-0-0-0---%E7%88%AC%E8%99%AB-%E8%BF%9B%E9%98%B6/%E9%AA%8C%E8%AF%81%E7%A0%81/jy-slide/JY-slide-pic/ok_16_result_jy_HK_1611711792.1105983.jpg",
        "size": {
            "width": 260,
            "height": 160
        },
        "state": 2,
        "type": 1
    },
    "regions": [
        {
            "id": "iWUo1jnFF",
            "type": "RECTANGLE",
            "tags": [
                "target"
            ],
            "boundingBox": {
                "height": 37.391304347826086,
                "width": 44.92753623188406,
                "left": 94.20289855072464,
                "top": 75.94202898550725
            },
            "points": [
                {
                    "x": 94.20289855072464,
                    "y": 75.94202898550725
                },
                {
                    "x": 139.1304347826087,
                    "y": 75.94202898550725
                },
                {
                    "x": 139.1304347826087,
                    "y": 113.33333333333334
                },
                {
                    "x": 94.20289855072464,
                    "y": 113.33333333333334
                }
            ]
        }
    ],
    "version": "2.2.0"
}