{
    "asset": {
        "format": "jpg",
        "id": "5e6d054a48bab628b4ea67759fd32ecc",
        "name": "ok_98_result_jy_HK_1611712490.8254879.jpg",
        "path": "file:D:/-----------------------------Python/-0-0-Spider/0-0-0-0---%E7%88%AC%E8%99%AB-%E8%BF%9B%E9%98%B6/%E9%AA%8C%E8%AF%81%E7%A0%81/jy-slide/JY-slide-pic/ok_98_result_jy_HK_1611712490.8254879.jpg",
        "size": {
            "width": 260,
            "height": 160
        },
        "state": 2,
        "type": 1
    },
    "regions": [
        {
            "id": "NUV80sL-5",
            "type": "RECTANGLE",
            "tags": [
                "target"
            ],
            "boundingBox": {
                "height": 44.63768115942029,
                "width": 45.21739130434783,
                "left": 76.81159420289855,
                "top": 56.811594202898554
            },
            "points": [
                {
                    "x": 76.81159420289855,
                    "y": 56.811594202898554
                },
                {
                    "x": 122.02898550724638,
                    "y": 56.811594202898554
                },
                {
                    "x": 122.02898550724638,
                    "y": 101.44927536231884
                },
                {
                    "x": 76.81159420289855,
                    "y": 101.44927536231884
                }
            ]
        }
    ],
    "version": "2.2.0"
}