{
    "asset": {
        "format": "jpg",
        "id": "60a90354c5f16847f0f0ca32c602af04",
        "name": "ok_147_result_jy_HK_1611712755.1971846.jpg",
        "path": "file:D:/-----------------------------Python/-0-0-Spider/0-0-0-0---%E7%88%AC%E8%99%AB-%E8%BF%9B%E9%98%B6/%E9%AA%8C%E8%AF%81%E7%A0%81/jy-slide/JY-slide-pic/ok_147_result_jy_HK_1611712755.1971846.jpg",
        "size": {
            "width": 260,
            "height": 160
        },
        "state": 2,
        "type": 1
    },
    "regions": [
        {
            "id": "Rt6veiRc8",
            "type": "RECTANGLE",
            "tags": [
                "target"
            ],
            "boundingBox": {
                "height": 42.89855072463768,
                "width": 51.01449275362319,
                "left": 102.31884057971016,
                "top": 59.710144927536234
            },
            "points": [
                {
                    "x": 102.31884057971016,
                    "y": 59.710144927536234
                },
                {
                    "x": 153.33333333333334,
                    "y": 59.710144927536234
                },
                {
                    "x": 153.33333333333334,
                    "y": 102.60869565217392
                },
                {
                    "x": 102.31884057971016,
                    "y": 102.60869565217392
                }
            ]
        }
    ],
    "version": "2.2.0"
}