{
    "asset": {
        "format": "jpg",
        "id": "612b9f5c3e76e47b4add4815528e93f3",
        "name": "ok_110_result_jy_HK_1611712561.0638905.jpg",
        "path": "file:D:/-----------------------------Python/-0-0-Spider/0-0-0-0---%E7%88%AC%E8%99%AB-%E8%BF%9B%E9%98%B6/%E9%AA%8C%E8%AF%81%E7%A0%81/jy-slide/JY-slide-pic/ok_110_result_jy_HK_1611712561.0638905.jpg",
        "size": {
            "width": 260,
            "height": 160
        },
        "state": 2,
        "type": 1
    },
    "regions": [
        {
            "id": "1xn9xPKB_",
            "type": "RECTANGLE",
            "tags": [
                "target"
            ],
            "boundingBox": {
                "height": 39.42028985507247,
                "width": 48.98550724637681,
                "left": 111.30434782608697,
                "top": 50.14492753623188
            },
            "points": [
                {
                    "x": 111.30434782608697,
                    "y": 50.14492753623188
                },
                {
                    "x": 160.28985507246378,
                    "y": 50.14492753623188
                },
                {
                    "x": 160.28985507246378,
                    "y": 89.56521739130434
                },
                {
                    "x": 111.30434782608697,
                    "y": 89.56521739130434
                }
            ]
        }
    ],
    "version": "2.2.0"
}