{
    "asset": {
        "format": "jpg",
        "id": "62fdd4e9aeb862869f6b9652bc72c71e",
        "name": "ok_87_result_jy_HK_1611712424.7662034.jpg",
        "path": "file:D:/-----------------------------Python/-0-0-Spider/0-0-0-0---%E7%88%AC%E8%99%AB-%E8%BF%9B%E9%98%B6/%E9%AA%8C%E8%AF%81%E7%A0%81/jy-slide/JY-slide-pic/ok_87_result_jy_HK_1611712424.7662034.jpg",
        "size": {
            "width": 260,
            "height": 160
        },
        "state": 2,
        "type": 1
    },
    "regions": [
        {
            "id": "70GwuRXwB",
            "type": "RECTANGLE",
            "tags": [
                "target"
            ],
            "boundingBox": {
                "height": 43.47826086956522,
                "width": 44.34782608695652,
                "left": 87.2463768115942,
                "top": 56.811594202898554
            },
            "points": [
                {
                    "x": 87.2463768115942,
                    "y": 56.811594202898554
                },
                {
                    "x": 131.59420289855072,
                    "y": 56.811594202898554
                },
                {
                    "x": 131.59420289855072,
                    "y": 100.28985507246377
                },
                {
                    "x": 87.2463768115942,
                    "y": 100.28985507246377
                }
            ]
        }
    ],
    "version": "2.2.0"
}