{
    "asset": {
        "format": "jpg",
        "id": "6306d753e68d5997d1704a829bbc1b25",
        "name": "ok_138_result_jy_HK_1611712717.953147.jpg",
        "path": "file:D:/-----------------------------Python/-0-0-Spider/0-0-0-0---%E7%88%AC%E8%99%AB-%E8%BF%9B%E9%98%B6/%E9%AA%8C%E8%AF%81%E7%A0%81/jy-slide/JY-slide-pic/ok_138_result_jy_HK_1611712717.953147.jpg",
        "size": {
            "width": 260,
            "height": 160
        },
        "state": 2,
        "type": 1
    },
    "regions": [
        {
            "id": "PuBHK6_QM",
            "type": "RECTANGLE",
            "tags": [
                "target"
            ],
            "boundingBox": {
                "height": 40,
                "width": 46.08695652173913,
                "left": 86.66666666666667,
                "top": 38.84057971014493
            },
            "points": [
                {
                    "x": 86.66666666666667,
                    "y": 38.84057971014493
                },
                {
                    "x": 132.7536231884058,
                    "y": 38.84057971014493
                },
                {
                    "x": 132.7536231884058,
                    "y": 78.84057971014494
                },
                {
                    "x": 86.66666666666667,
                    "y": 78.84057971014494
                }
            ]
        }
    ],
    "version": "2.2.0"
}