{
    "asset": {
        "format": "jpg",
        "id": "641bcd5518a671226ddc89105ace2b0e",
        "name": "ok_101_result_jy_HK_1611712503.3171237.jpg",
        "path": "file:D:/-----------------------------Python/-0-0-Spider/0-0-0-0---%E7%88%AC%E8%99%AB-%E8%BF%9B%E9%98%B6/%E9%AA%8C%E8%AF%81%E7%A0%81/jy-slide/JY-slide-pic/ok_101_result_jy_HK_1611712503.3171237.jpg",
        "size": {
            "width": 260,
            "height": 160
        },
        "state": 2,
        "type": 1
    },
    "regions": [
        {
            "id": "9xnZ-Rn_Z",
            "type": "RECTANGLE",
            "tags": [
                "target"
            ],
            "boundingBox": {
                "height": 39.710144927536234,
                "width": 48.98550724637681,
                "left": 91.8840579710145,
                "top": 61.15942028985508
            },
            "points": [
                {
                    "x": 91.8840579710145,
                    "y": 61.15942028985508
                },
                {
                    "x": 140.8695652173913,
                    "y": 61.15942028985508
                },
                {
                    "x": 140.8695652173913,
                    "y": 100.86956521739131
                },
                {
                    "x": 91.8840579710145,
                    "y": 100.86956521739131
                }
            ]
        }
    ],
    "version": "2.2.0"
}