{
    "asset": {
        "format": "jpg",
        "id": "682d152ce956ded4bf1d8ebfe8e93845",
        "name": "ok_106_result_jy_HK_1611712544.074495.jpg",
        "path": "file:D:/-----------------------------Python/-0-0-Spider/0-0-0-0---%E7%88%AC%E8%99%AB-%E8%BF%9B%E9%98%B6/%E9%AA%8C%E8%AF%81%E7%A0%81/jy-slide/JY-slide-pic/ok_106_result_jy_HK_1611712544.074495.jpg",
        "size": {
            "width": 260,
            "height": 160
        },
        "state": 2,
        "type": 1
    },
    "regions": [
        {
            "id": "RqShmOZjn",
            "type": "RECTANGLE",
            "tags": [
                "target"
            ],
            "boundingBox": {
                "height": 37.971014492753625,
                "width": 43.18840579710145,
                "left": 86.3768115942029,
                "top": 31.884057971014492
            },
            "points": [
                {
                    "x": 86.3768115942029,
                    "y": 31.884057971014492
                },
                {
                    "x": 129.56521739130434,
                    "y": 31.884057971014492
                },
                {
                    "x": 129.56521739130434,
                    "y": 69.85507246376812
                },
                {
                    "x": 86.3768115942029,
                    "y": 69.85507246376812
                }
            ]
        }
    ],
    "version": "2.2.0"
}