{
    "asset": {
        "format": "jpg",
        "id": "6952d45f69563a68a5ae96c68eeb788b",
        "name": "ok_46_result_jy_HK_1611712216.4993546.jpg",
        "path": "file:D:/-----------------------------Python/-0-0-Spider/0-0-0-0---%E7%88%AC%E8%99%AB-%E8%BF%9B%E9%98%B6/%E9%AA%8C%E8%AF%81%E7%A0%81/jy-slide/JY-slide-pic/ok_46_result_jy_HK_1611712216.4993546.jpg",
        "size": {
            "width": 260,
            "height": 160
        },
        "state": 2,
        "type": 1
    },
    "regions": [
        {
            "id": "VOZzAS5eH",
            "type": "RECTANGLE",
            "tags": [
                "target"
            ],
            "boundingBox": {
                "height": 39.42028985507247,
                "width": 40.869565217391305,
                "left": 108.11594202898551,
                "top": 75.07246376811594
            },
            "points": [
                {
                    "x": 108.11594202898551,
                    "y": 75.07246376811594
                },
                {
                    "x": 148.9855072463768,
                    "y": 75.07246376811594
                },
                {
                    "x": 148.9855072463768,
                    "y": 114.4927536231884
                },
                {
                    "x": 108.11594202898551,
                    "y": 114.4927536231884
                }
            ]
        }
    ],
    "version": "2.2.0"
}