{
    "asset": {
        "format": "jpg",
        "id": "6952948dac83f2efa56f9c23a41517ba",
        "name": "ok_0_result_jy_HK_1611711946.818881.jpg",
        "path": "file:D:/-----------------------------Python/-0-0-Spider/0-0-0-0---%E7%88%AC%E8%99%AB-%E8%BF%9B%E9%98%B6/%E9%AA%8C%E8%AF%81%E7%A0%81/jy-slide/JY-slide-pic/ok_0_result_jy_HK_1611711946.818881.jpg",
        "size": {
            "width": 260,
            "height": 160
        },
        "state": 2,
        "type": 1
    },
    "regions": [
        {
            "id": "S_Nz3HQiA",
            "type": "RECTANGLE",
            "tags": [
                "target"
            ],
            "boundingBox": {
                "height": 40.28985507246377,
                "width": 51.30434782608696,
                "left": 114.20289855072464,
                "top": 65.21739130434783
            },
            "points": [
                {
                    "x": 114.20289855072464,
                    "y": 65.21739130434783
                },
                {
                    "x": 165.5072463768116,
                    "y": 65.21739130434783
                },
                {
                    "x": 165.5072463768116,
                    "y": 105.5072463768116
                },
                {
                    "x": 114.20289855072464,
                    "y": 105.5072463768116
                }
            ]
        }
    ],
    "version": "2.2.0"
}