{
    "asset": {
        "format": "jpg",
        "id": "6a5cc843c236df7efc52c4353b532258",
        "name": "ok_103_result_jy_HK_1611712511.639944.jpg",
        "path": "file:D:/-----------------------------Python/-0-0-Spider/0-0-0-0---%E7%88%AC%E8%99%AB-%E8%BF%9B%E9%98%B6/%E9%AA%8C%E8%AF%81%E7%A0%81/jy-slide/JY-slide-pic/ok_103_result_jy_HK_1611712511.639944.jpg",
        "size": {
            "width": 260,
            "height": 160
        },
        "state": 2,
        "type": 1
    },
    "regions": [
        {
            "id": "eLpntvS1z",
            "type": "RECTANGLE",
            "tags": [
                "target"
            ],
            "boundingBox": {
                "height": 43.768115942028984,
                "width": 43.18840579710145,
                "left": 148.69565217391306,
                "top": 90.72463768115942
            },
            "points": [
                {
                    "x": 148.69565217391306,
                    "y": 90.72463768115942
                },
                {
                    "x": 191.8840579710145,
                    "y": 90.72463768115942
                },
                {
                    "x": 191.8840579710145,
                    "y": 134.4927536231884
                },
                {
                    "x": 148.69565217391306,
                    "y": 134.4927536231884
                }
            ]
        }
    ],
    "version": "2.2.0"
}