{
    "asset": {
        "format": "jpg",
        "id": "6ab7686fe3f998fb658e3c2dfae10f2b",
        "name": "ok_7_result_jy_HK_1611711995.301449.jpg",
        "path": "file:D:/-----------------------------Python/-0-0-Spider/0-0-0-0---%E7%88%AC%E8%99%AB-%E8%BF%9B%E9%98%B6/%E9%AA%8C%E8%AF%81%E7%A0%81/jy-slide/JY-slide-pic/ok_7_result_jy_HK_1611711995.301449.jpg",
        "size": {
            "width": 260,
            "height": 160
        },
        "state": 2,
        "type": 1
    },
    "regions": [
        {
            "id": "_99WBGDgM",
            "type": "RECTANGLE",
            "tags": [
                "target"
            ],
            "boundingBox": {
                "height": 42.89855072463768,
                "width": 40.57971014492754,
                "left": 151.59420289855072,
                "top": 60.57971014492754
            },
            "points": [
                {
                    "x": 151.59420289855072,
                    "y": 60.57971014492754
                },
                {
                    "x": 192.17391304347828,
                    "y": 60.57971014492754
                },
                {
                    "x": 192.17391304347828,
                    "y": 103.47826086956522
                },
                {
                    "x": 151.59420289855072,
                    "y": 103.47826086956522
                }
            ]
        }
    ],
    "version": "2.2.0"
}