{
    "asset": {
        "format": "jpg",
        "id": "6c1434d783f936b6a0fa437799ee97f7",
        "name": "ok_132_result_jy_HK_1611712672.4401357.jpg",
        "path": "file:D:/-----------------------------Python/-0-0-Spider/0-0-0-0---%E7%88%AC%E8%99%AB-%E8%BF%9B%E9%98%B6/%E9%AA%8C%E8%AF%81%E7%A0%81/jy-slide/JY-slide-pic/ok_132_result_jy_HK_1611712672.4401357.jpg",
        "size": {
            "width": 260,
            "height": 160
        },
        "state": 2,
        "type": 1
    },
    "regions": [
        {
            "id": "iYOzE0Q-s",
            "type": "RECTANGLE",
            "tags": [
                "target"
            ],
            "boundingBox": {
                "height": 45.79710144927537,
                "width": 47.82608695652174,
                "left": 151.0144927536232,
                "top": 33.04347826086957
            },
            "points": [
                {
                    "x": 151.0144927536232,
                    "y": 33.04347826086957
                },
                {
                    "x": 198.84057971014494,
                    "y": 33.04347826086957
                },
                {
                    "x": 198.84057971014494,
                    "y": 78.84057971014494
                },
                {
                    "x": 151.0144927536232,
                    "y": 78.84057971014494
                }
            ]
        }
    ],
    "version": "2.2.0"
}