{
    "asset": {
        "format": "jpg",
        "id": "6d0a486446686a830217e0d9865877ff",
        "name": "ok_33_result_jy_HK_1611712143.069561.jpg",
        "path": "file:D:/-----------------------------Python/-0-0-Spider/0-0-0-0---%E7%88%AC%E8%99%AB-%E8%BF%9B%E9%98%B6/%E9%AA%8C%E8%AF%81%E7%A0%81/jy-slide/JY-slide-pic/ok_33_result_jy_HK_1611712143.069561.jpg",
        "size": {
            "width": 260,
            "height": 160
        },
        "state": 2,
        "type": 1
    },
    "regions": [
        {
            "id": "ZZ32oxC91",
            "type": "RECTANGLE",
            "tags": [
                "target"
            ],
            "boundingBox": {
                "height": 51.88405797101449,
                "width": 51.01449275362319,
                "left": 114.4927536231884,
                "top": 93.62318840579711
            },
            "points": [
                {
                    "x": 114.4927536231884,
                    "y": 93.62318840579711
                },
                {
                    "x": 165.5072463768116,
                    "y": 93.62318840579711
                },
                {
                    "x": 165.5072463768116,
                    "y": 145.5072463768116
                },
                {
                    "x": 114.4927536231884,
                    "y": 145.5072463768116
                }
            ]
        }
    ],
    "version": "2.2.0"
}