{
    "asset": {
        "format": "jpg",
        "id": "6d85325f408174331a0acd83c84c743c",
        "name": "ok_111_result_jy_HK_1611712565.0290112.jpg",
        "path": "file:D:/-----------------------------Python/-0-0-Spider/0-0-0-0---%E7%88%AC%E8%99%AB-%E8%BF%9B%E9%98%B6/%E9%AA%8C%E8%AF%81%E7%A0%81/jy-slide/JY-slide-pic/ok_111_result_jy_HK_1611712565.0290112.jpg",
        "size": {
            "width": 260,
            "height": 160
        },
        "state": 2,
        "type": 1
    },
    "regions": [
        {
            "id": "MdrSsm9V1",
            "type": "RECTANGLE",
            "tags": [
                "target"
            ],
            "boundingBox": {
                "height": 45.507246376811594,
                "width": 41.44927536231884,
                "left": 148.69565217391306,
                "top": 72.17391304347827
            },
            "points": [
                {
                    "x": 148.69565217391306,
                    "y": 72.17391304347827
                },
                {
                    "x": 190.1449275362319,
                    "y": 72.17391304347827
                },
                {
                    "x": 190.1449275362319,
                    "y": 117.68115942028986
                },
                {
                    "x": 148.69565217391306,
                    "y": 117.68115942028986
                }
            ]
        }
    ],
    "version": "2.2.0"
}