{
    "asset": {
        "format": "jpg",
        "id": "6e1df4f1e2998ddaf41018416827947c",
        "name": "ok_76_result_jy_HK_1611712379.6548097.jpg",
        "path": "file:D:/-----------------------------Python/-0-0-Spider/0-0-0-0---%E7%88%AC%E8%99%AB-%E8%BF%9B%E9%98%B6/%E9%AA%8C%E8%AF%81%E7%A0%81/jy-slide/JY-slide-pic/ok_76_result_jy_HK_1611712379.6548097.jpg",
        "size": {
            "width": 260,
            "height": 160
        },
        "state": 2,
        "type": 1
    },
    "regions": [
        {
            "id": "UhsRg7qq8",
            "type": "RECTANGLE",
            "tags": [
                "target"
            ],
            "boundingBox": {
                "height": 37.971014492753625,
                "width": 39.710144927536234,
                "left": 145.79710144927537,
                "top": 32.173913043478265
            },
            "points": [
                {
                    "x": 145.79710144927537,
                    "y": 32.173913043478265
                },
                {
                    "x": 185.5072463768116,
                    "y": 32.173913043478265
                },
                {
                    "x": 185.5072463768116,
                    "y": 70.14492753623189
                },
                {
                    "x": 145.79710144927537,
                    "y": 70.14492753623189
                }
            ]
        }
    ],
    "version": "2.2.0"
}