{
    "asset": {
        "format": "jpg",
        "id": "6f704c895333bd888684f7cd52c478ad",
        "name": "ok_82_result_jy_HK_1611712403.7061567.jpg",
        "path": "file:D:/-----------------------------Python/-0-0-Spider/0-0-0-0---%E7%88%AC%E8%99%AB-%E8%BF%9B%E9%98%B6/%E9%AA%8C%E8%AF%81%E7%A0%81/jy-slide/JY-slide-pic/ok_82_result_jy_HK_1611712403.7061567.jpg",
        "size": {
            "width": 260,
            "height": 160
        },
        "state": 2,
        "type": 1
    },
    "regions": [
        {
            "id": "bk3JV_MrU",
            "type": "RECTANGLE",
            "tags": [
                "target"
            ],
            "boundingBox": {
                "height": 39.42028985507247,
                "width": 41.44927536231884,
                "left": 71.8840579710145,
                "top": 74.20289855072464
            },
            "points": [
                {
                    "x": 71.8840579710145,
                    "y": 74.20289855072464
                },
                {
                    "x": 113.33333333333334,
                    "y": 74.20289855072464
                },
                {
                    "x": 113.33333333333334,
                    "y": 113.62318840579711
                },
                {
                    "x": 71.8840579710145,
                    "y": 113.62318840579711
                }
            ]
        }
    ],
    "version": "2.2.0"
}