{
    "asset": {
        "format": "jpg",
        "id": "6fde6f559d058bb2e2232252f6a1103b",
        "name": "ok_37_result_jy_HK_1611712159.404217.jpg",
        "path": "file:D:/-----------------------------Python/-0-0-Spider/0-0-0-0---%E7%88%AC%E8%99%AB-%E8%BF%9B%E9%98%B6/%E9%AA%8C%E8%AF%81%E7%A0%81/jy-slide/JY-slide-pic/ok_37_result_jy_HK_1611712159.404217.jpg",
        "size": {
            "width": 260,
            "height": 160
        },
        "state": 2,
        "type": 1
    },
    "regions": [
        {
            "id": "p4fanXPc5",
            "type": "RECTANGLE",
            "tags": [
                "target"
            ],
            "boundingBox": {
                "height": 45.21739130434783,
                "width": 43.47826086956522,
                "left": 155.36231884057972,
                "top": 57.971014492753625
            },
            "points": [
                {
                    "x": 155.36231884057972,
                    "y": 57.971014492753625
                },
                {
                    "x": 198.84057971014494,
                    "y": 57.971014492753625
                },
                {
                    "x": 198.84057971014494,
                    "y": 103.18840579710145
                },
                {
                    "x": 155.36231884057972,
                    "y": 103.18840579710145
                }
            ]
        }
    ],
    "version": "2.2.0"
}