{
    "asset": {
        "format": "jpg",
        "id": "71298825d8d51b9e071de79c61980245",
        "name": "ok_5_result_jy_HK_1611711752.3934405.jpg",
        "path": "file:D:/-----------------------------Python/-0-0-Spider/0-0-0-0---%E7%88%AC%E8%99%AB-%E8%BF%9B%E9%98%B6/%E9%AA%8C%E8%AF%81%E7%A0%81/jy-slide/JY-slide-pic/ok_5_result_jy_HK_1611711752.3934405.jpg",
        "size": {
            "width": 260,
            "height": 160
        },
        "state": 2,
        "type": 1
    },
    "regions": [
        {
            "id": "0q_pfSGGJ",
            "type": "RECTANGLE",
            "tags": [
                "target"
            ],
            "boundingBox": {
                "height": 45.21739130434783,
                "width": 43.18840579710145,
                "left": 103.18840579710145,
                "top": 36.52173913043478
            },
            "points": [
                {
                    "x": 103.18840579710145,
                    "y": 36.52173913043478
                },
                {
                    "x": 146.3768115942029,
                    "y": 36.52173913043478
                },
                {
                    "x": 146.3768115942029,
                    "y": 81.73913043478261
                },
                {
                    "x": 103.18840579710145,
                    "y": 81.73913043478261
                }
            ]
        }
    ],
    "version": "2.2.0"
}