{
    "asset": {
        "format": "jpg",
        "id": "72227a4c899ea5b07cd6bcf5c2cca85b",
        "name": "ok_48_result_jy_HK_1611712224.6213446.jpg",
        "path": "file:D:/-----------------------------Python/-0-0-Spider/0-0-0-0---%E7%88%AC%E8%99%AB-%E8%BF%9B%E9%98%B6/%E9%AA%8C%E8%AF%81%E7%A0%81/jy-slide/JY-slide-pic/ok_48_result_jy_HK_1611712224.6213446.jpg",
        "size": {
            "width": 260,
            "height": 160
        },
        "state": 2,
        "type": 1
    },
    "regions": [
        {
            "id": "o9zgukrI1",
            "type": "RECTANGLE",
            "tags": [
                "target"
            ],
            "boundingBox": {
                "height": 39.710144927536234,
                "width": 42.028985507246375,
                "left": 171.30434782608697,
                "top": 38.84057971014493
            },
            "points": [
                {
                    "x": 171.30434782608697,
                    "y": 38.84057971014493
                },
                {
                    "x": 213.33333333333334,
                    "y": 38.84057971014493
                },
                {
                    "x": 213.33333333333334,
                    "y": 78.55072463768116
                },
                {
                    "x": 171.30434782608697,
                    "y": 78.55072463768116
                }
            ]
        }
    ],
    "version": "2.2.0"
}