{
    "asset": {
        "format": "jpg",
        "id": "73234d754a569245988a8c7471978694",
        "name": "ok_3_result_jy_HK_1611711978.9972165.jpg",
        "path": "file:D:/-----------------------------Python/-0-0-Spider/0-0-0-0---%E7%88%AC%E8%99%AB-%E8%BF%9B%E9%98%B6/%E9%AA%8C%E8%AF%81%E7%A0%81/jy-slide/JY-slide-pic/ok_3_result_jy_HK_1611711978.9972165.jpg",
        "size": {
            "width": 260,
            "height": 160
        },
        "state": 2,
        "type": 1
    },
    "regions": [
        {
            "id": "FcJ6XY21m",
            "type": "RECTANGLE",
            "tags": [
                "target"
            ],
            "boundingBox": {
                "height": 42.31884057971015,
                "width": 43.768115942028984,
                "left": 104.6376811594203,
                "top": 59.710144927536234
            },
            "points": [
                {
                    "x": 104.6376811594203,
                    "y": 59.710144927536234
                },
                {
                    "x": 148.40579710144928,
                    "y": 59.710144927536234
                },
                {
                    "x": 148.40579710144928,
                    "y": 102.02898550724638
                },
                {
                    "x": 104.6376811594203,
                    "y": 102.02898550724638
                }
            ]
        }
    ],
    "version": "2.2.0"
}