{
    "asset": {
        "format": "jpg",
        "id": "73f9e54b2cf60bdf486080b0221d4276",
        "name": "ok_92_result_jy_HK_1611712466.1921265.jpg",
        "path": "file:D:/-----------------------------Python/-0-0-Spider/0-0-0-0---%E7%88%AC%E8%99%AB-%E8%BF%9B%E9%98%B6/%E9%AA%8C%E8%AF%81%E7%A0%81/jy-slide/JY-slide-pic/ok_92_result_jy_HK_1611712466.1921265.jpg",
        "size": {
            "width": 260,
            "height": 160
        },
        "state": 2,
        "type": 1
    },
    "regions": [
        {
            "id": "hG18AkQke",
            "type": "RECTANGLE",
            "tags": [
                "target"
            ],
            "boundingBox": {
                "height": 37.68115942028986,
                "width": 50.72463768115942,
                "left": 114.4927536231884,
                "top": 65.79710144927536
            },
            "points": [
                {
                    "x": 114.4927536231884,
                    "y": 65.79710144927536
                },
                {
                    "x": 165.21739130434784,
                    "y": 65.79710144927536
                },
                {
                    "x": 165.21739130434784,
                    "y": 103.47826086956522
                },
                {
                    "x": 114.4927536231884,
                    "y": 103.47826086956522
                }
            ]
        }
    ],
    "version": "2.2.0"
}