{
    "asset": {
        "format": "jpg",
        "id": "778f115aec9d0914d79b3daa76f3be8e",
        "name": "ok_16_result_jy_HK_1611712051.298127.jpg",
        "path": "file:D:/-----------------------------Python/-0-0-Spider/0-0-0-0---%E7%88%AC%E8%99%AB-%E8%BF%9B%E9%98%B6/%E9%AA%8C%E8%AF%81%E7%A0%81/jy-slide/JY-slide-pic/ok_16_result_jy_HK_1611712051.298127.jpg",
        "size": {
            "width": 260,
            "height": 160
        },
        "state": 2,
        "type": 1
    },
    "regions": [
        {
            "id": "3F9sKe_L2",
            "type": "RECTANGLE",
            "tags": [
                "target"
            ],
            "boundingBox": {
                "height": 45.21739130434783,
                "width": 42.89855072463768,
                "left": 101.15942028985508,
                "top": 75.65217391304348
            },
            "points": [
                {
                    "x": 101.15942028985508,
                    "y": 75.65217391304348
                },
                {
                    "x": 144.05797101449275,
                    "y": 75.65217391304348
                },
                {
                    "x": 144.05797101449275,
                    "y": 120.86956521739131
                },
                {
                    "x": 101.15942028985508,
                    "y": 120.86956521739131
                }
            ]
        }
    ],
    "version": "2.2.0"
}