{
    "asset": {
        "format": "jpg",
        "id": "78474b2e85d7399e7d6bf131b5d532fc",
        "name": "ok_15_result_jy_HK_1611711788.1259964.jpg",
        "path": "file:D:/-----------------------------Python/-0-0-Spider/0-0-0-0---%E7%88%AC%E8%99%AB-%E8%BF%9B%E9%98%B6/%E9%AA%8C%E8%AF%81%E7%A0%81/jy-slide/JY-slide-pic/ok_15_result_jy_HK_1611711788.1259964.jpg",
        "size": {
            "width": 260,
            "height": 160
        },
        "state": 2,
        "type": 1
    },
    "regions": [
        {
            "id": "fN7hQgCtf",
            "type": "RECTANGLE",
            "tags": [
                "target"
            ],
            "boundingBox": {
                "height": 44.05797101449276,
                "width": 46.66666666666667,
                "left": 96.81159420289855,
                "top": 42.31884057971015
            },
            "points": [
                {
                    "x": 96.81159420289855,
                    "y": 42.31884057971015
                },
                {
                    "x": 143.47826086956522,
                    "y": 42.31884057971015
                },
                {
                    "x": 143.47826086956522,
                    "y": 86.3768115942029
                },
                {
                    "x": 96.81159420289855,
                    "y": 86.3768115942029
                }
            ]
        }
    ],
    "version": "2.2.0"
}