{
    "asset": {
        "format": "jpg",
        "id": "79d30609751f34acf767150daf779a0f",
        "name": "ok_129_result_jy_HK_1611712659.6579196.jpg",
        "path": "file:D:/-----------------------------Python/-0-0-Spider/0-0-0-0---%E7%88%AC%E8%99%AB-%E8%BF%9B%E9%98%B6/%E9%AA%8C%E8%AF%81%E7%A0%81/jy-slide/JY-slide-pic/ok_129_result_jy_HK_1611712659.6579196.jpg",
        "size": {
            "width": 260,
            "height": 160
        },
        "state": 2,
        "type": 1
    },
    "regions": [
        {
            "id": "d_MaPjMnI",
            "type": "RECTANGLE",
            "tags": [
                "target"
            ],
            "boundingBox": {
                "height": 39.710144927536234,
                "width": 43.768115942028984,
                "left": 145.79710144927537,
                "top": 94.20289855072464
            },
            "points": [
                {
                    "x": 145.79710144927537,
                    "y": 94.20289855072464
                },
                {
                    "x": 189.56521739130434,
                    "y": 94.20289855072464
                },
                {
                    "x": 189.56521739130434,
                    "y": 133.91304347826087
                },
                {
                    "x": 145.79710144927537,
                    "y": 133.91304347826087
                }
            ]
        }
    ],
    "version": "2.2.0"
}