{
    "asset": {
        "format": "jpg",
        "id": "7a119998b7d7c0f660507298cad56372",
        "name": "ok_39_result_jy_HK_1611712167.7028987.jpg",
        "path": "file:D:/-----------------------------Python/-0-0-Spider/0-0-0-0---%E7%88%AC%E8%99%AB-%E8%BF%9B%E9%98%B6/%E9%AA%8C%E8%AF%81%E7%A0%81/jy-slide/JY-slide-pic/ok_39_result_jy_HK_1611712167.7028987.jpg",
        "size": {
            "width": 260,
            "height": 160
        },
        "state": 2,
        "type": 1
    },
    "regions": [
        {
            "id": "0KikWt3UW",
            "type": "RECTANGLE",
            "tags": [
                "target"
            ],
            "boundingBox": {
                "height": 39.710144927536234,
                "width": 45.21739130434783,
                "left": 76.52173913043478,
                "top": 99.71014492753623
            },
            "points": [
                {
                    "x": 76.52173913043478,
                    "y": 99.71014492753623
                },
                {
                    "x": 121.73913043478261,
                    "y": 99.71014492753623
                },
                {
                    "x": 121.73913043478261,
                    "y": 139.42028985507247
                },
                {
                    "x": 76.52173913043478,
                    "y": 139.42028985507247
                }
            ]
        }
    ],
    "version": "2.2.0"
}