{
    "asset": {
        "format": "jpg",
        "id": "7ab09e9af7b5c85664daa1ee515e47a5",
        "name": "ok_23_result_jy_HK_1611712080.15651.jpg",
        "path": "file:D:/-----------------------------Python/-0-0-Spider/0-0-0-0---%E7%88%AC%E8%99%AB-%E8%BF%9B%E9%98%B6/%E9%AA%8C%E8%AF%81%E7%A0%81/jy-slide/JY-slide-pic/ok_23_result_jy_HK_1611712080.15651.jpg",
        "size": {
            "width": 260,
            "height": 160
        },
        "state": 2,
        "type": 1
    },
    "regions": [
        {
            "id": "AJ9vtx-y0",
            "type": "RECTANGLE",
            "tags": [
                "target"
            ],
            "boundingBox": {
                "height": 37.391304347826086,
                "width": 40,
                "left": 164.34782608695653,
                "top": 62.02898550724638
            },
            "points": [
                {
                    "x": 164.34782608695653,
                    "y": 62.02898550724638
                },
                {
                    "x": 204.34782608695653,
                    "y": 62.02898550724638
                },
                {
                    "x": 204.34782608695653,
                    "y": 99.42028985507247
                },
                {
                    "x": 164.34782608695653,
                    "y": 99.42028985507247
                }
            ]
        }
    ],
    "version": "2.2.0"
}