{
    "asset": {
        "format": "jpg",
        "id": "7cd72d57318f6b3150ac0eb572930434",
        "name": "ok_139_result_jy_HK_1611712722.2368162.jpg",
        "path": "file:D:/-----------------------------Python/-0-0-Spider/0-0-0-0---%E7%88%AC%E8%99%AB-%E8%BF%9B%E9%98%B6/%E9%AA%8C%E8%AF%81%E7%A0%81/jy-slide/JY-slide-pic/ok_139_result_jy_HK_1611712722.2368162.jpg",
        "size": {
            "width": 260,
            "height": 160
        },
        "state": 2,
        "type": 1
    },
    "regions": [
        {
            "id": "8QSDwMRnu",
            "type": "RECTANGLE",
            "tags": [
                "target"
            ],
            "boundingBox": {
                "height": 40.28985507246377,
                "width": 44.34782608695652,
                "left": 48.98550724637681,
                "top": 17.10144927536232
            },
            "points": [
                {
                    "x": 48.98550724637681,
                    "y": 17.10144927536232
                },
                {
                    "x": 93.33333333333334,
                    "y": 17.10144927536232
                },
                {
                    "x": 93.33333333333334,
                    "y": 57.391304347826086
                },
                {
                    "x": 48.98550724637681,
                    "y": 57.391304347826086
                }
            ]
        }
    ],
    "version": "2.2.0"
}