{
    "asset": {
        "format": "jpg",
        "id": "7d948f3c8608e2b0dbeadc12acb02b76",
        "name": "ok_77_result_jy_HK_1611712383.731799.jpg",
        "path": "file:D:/-----------------------------Python/-0-0-Spider/0-0-0-0---%E7%88%AC%E8%99%AB-%E8%BF%9B%E9%98%B6/%E9%AA%8C%E8%AF%81%E7%A0%81/jy-slide/JY-slide-pic/ok_77_result_jy_HK_1611712383.731799.jpg",
        "size": {
            "width": 260,
            "height": 160
        },
        "state": 2,
        "type": 1
    },
    "regions": [
        {
            "id": "oBHMFrc1c",
            "type": "RECTANGLE",
            "tags": [
                "target"
            ],
            "boundingBox": {
                "height": 43.768115942028984,
                "width": 46.66666666666667,
                "left": 120.57971014492755,
                "top": 23.47826086956522
            },
            "points": [
                {
                    "x": 120.57971014492755,
                    "y": 23.47826086956522
                },
                {
                    "x": 167.24637681159422,
                    "y": 23.47826086956522
                },
                {
                    "x": 167.24637681159422,
                    "y": 67.2463768115942
                },
                {
                    "x": 120.57971014492755,
                    "y": 67.2463768115942
                }
            ]
        }
    ],
    "version": "2.2.0"
}