{
    "asset": {
        "format": "jpg",
        "id": "7fffadd23c0d14b35ce8ce321d4650d5",
        "name": "ok_149_result_jy_HK_1611712763.274505.jpg",
        "path": "file:D:/-----------------------------Python/-0-0-Spider/0-0-0-0---%E7%88%AC%E8%99%AB-%E8%BF%9B%E9%98%B6/%E9%AA%8C%E8%AF%81%E7%A0%81/jy-slide/JY-slide-pic/ok_149_result_jy_HK_1611712763.274505.jpg",
        "size": {
            "width": 260,
            "height": 160
        },
        "state": 2,
        "type": 1
    },
    "regions": [
        {
            "id": "IMtugK3jF",
            "type": "RECTANGLE",
            "tags": [
                "target"
            ],
            "boundingBox": {
                "height": 42.31884057971015,
                "width": 48.405797101449274,
                "left": 136.81159420289856,
                "top": 41.73913043478261
            },
            "points": [
                {
                    "x": 136.81159420289856,
                    "y": 41.73913043478261
                },
                {
                    "x": 185.21739130434784,
                    "y": 41.73913043478261
                },
                {
                    "x": 185.21739130434784,
                    "y": 84.05797101449275
                },
                {
                    "x": 136.81159420289856,
                    "y": 84.05797101449275
                }
            ]
        }
    ],
    "version": "2.2.0"
}