{
    "asset": {
        "format": "jpg",
        "id": "808ad5d690a86f861df5b11ab09d220a",
        "name": "ok_1_result_jy_HK_1611711738.4741755.jpg",
        "path": "file:D:/-----------------------------Python/-0-0-Spider/0-0-0-0---%E7%88%AC%E8%99%AB-%E8%BF%9B%E9%98%B6/%E9%AA%8C%E8%AF%81%E7%A0%81/jy-slide/JY-slide-pic/ok_1_result_jy_HK_1611711738.4741755.jpg",
        "size": {
            "width": 260,
            "height": 160
        },
        "state": 2,
        "type": 1
    },
    "regions": [
        {
            "id": "kVQn0xWtA",
            "type": "RECTANGLE",
            "tags": [
                "target"
            ],
            "boundingBox": {
                "height": 44.05797101449276,
                "width": 44.05797101449276,
                "left": 167.24637681159422,
                "top": 61.73913043478261
            },
            "points": [
                {
                    "x": 167.24637681159422,
                    "y": 61.73913043478261
                },
                {
                    "x": 211.30434782608697,
                    "y": 61.73913043478261
                },
                {
                    "x": 211.30434782608697,
                    "y": 105.79710144927536
                },
                {
                    "x": 167.24637681159422,
                    "y": 105.79710144927536
                }
            ]
        }
    ],
    "version": "2.2.0"
}