{
    "asset": {
        "format": "jpg",
        "id": "80e106dd873abd3fb3fcd77a97bccd43",
        "name": "ok_26_result_jy_HK_1611712093.1741848.jpg",
        "path": "file:D:/-----------------------------Python/-0-0-Spider/0-0-0-0---%E7%88%AC%E8%99%AB-%E8%BF%9B%E9%98%B6/%E9%AA%8C%E8%AF%81%E7%A0%81/jy-slide/JY-slide-pic/ok_26_result_jy_HK_1611712093.1741848.jpg",
        "size": {
            "width": 260,
            "height": 160
        },
        "state": 2,
        "type": 1
    },
    "regions": [
        {
            "id": "f7e3tiDp7",
            "type": "RECTANGLE",
            "tags": [
                "target"
            ],
            "boundingBox": {
                "height": 40.28985507246377,
                "width": 41.73913043478261,
                "left": 84.6376811594203,
                "top": 60.869565217391305
            },
            "points": [
                {
                    "x": 84.6376811594203,
                    "y": 60.869565217391305
                },
                {
                    "x": 126.3768115942029,
                    "y": 60.869565217391305
                },
                {
                    "x": 126.3768115942029,
                    "y": 101.15942028985508
                },
                {
                    "x": 84.6376811594203,
                    "y": 101.15942028985508
                }
            ]
        }
    ],
    "version": "2.2.0"
}