{
    "asset": {
        "format": "jpg",
        "id": "86348891328fb649423a681c67e7f09e",
        "name": "ok_126_result_jy_HK_1611712647.0761669.jpg",
        "path": "file:D:/-----------------------------Python/-0-0-Spider/0-0-0-0---%E7%88%AC%E8%99%AB-%E8%BF%9B%E9%98%B6/%E9%AA%8C%E8%AF%81%E7%A0%81/jy-slide/JY-slide-pic/ok_126_result_jy_HK_1611712647.0761669.jpg",
        "size": {
            "width": 260,
            "height": 160
        },
        "state": 2,
        "type": 1
    },
    "regions": [
        {
            "id": "JTDu7IWo2",
            "type": "RECTANGLE",
            "tags": [
                "target"
            ],
            "boundingBox": {
                "height": 41.15942028985507,
                "width": 42.028985507246375,
                "left": 64.34782608695653,
                "top": 55.36231884057971
            },
            "points": [
                {
                    "x": 64.34782608695653,
                    "y": 55.36231884057971
                },
                {
                    "x": 106.3768115942029,
                    "y": 55.36231884057971
                },
                {
                    "x": 106.3768115942029,
                    "y": 96.52173913043478
                },
                {
                    "x": 64.34782608695653,
                    "y": 96.52173913043478
                }
            ]
        }
    ],
    "version": "2.2.0"
}