{
    "asset": {
        "format": "jpg",
        "id": "88b657e063e6cd43cbb2cd6ca4d66512",
        "name": "ok_135_result_jy_HK_1611712684.8561082.jpg",
        "path": "file:D:/-----------------------------Python/-0-0-Spider/0-0-0-0---%E7%88%AC%E8%99%AB-%E8%BF%9B%E9%98%B6/%E9%AA%8C%E8%AF%81%E7%A0%81/jy-slide/JY-slide-pic/ok_135_result_jy_HK_1611712684.8561082.jpg",
        "size": {
            "width": 260,
            "height": 160
        },
        "state": 2,
        "type": 1
    },
    "regions": [
        {
            "id": "rjCMi3Vdm",
            "type": "RECTANGLE",
            "tags": [
                "target"
            ],
            "boundingBox": {
                "height": 46.66666666666667,
                "width": 41.44927536231884,
                "left": 101.15942028985508,
                "top": 32.46376811594203
            },
            "points": [
                {
                    "x": 101.15942028985508,
                    "y": 32.46376811594203
                },
                {
                    "x": 142.6086956521739,
                    "y": 32.46376811594203
                },
                {
                    "x": 142.6086956521739,
                    "y": 79.1304347826087
                },
                {
                    "x": 101.15942028985508,
                    "y": 79.1304347826087
                }
            ]
        }
    ],
    "version": "2.2.0"
}