{
    "asset": {
        "format": "jpg",
        "id": "89c544a78d09bd319a138c78fa7c8c12",
        "name": "ok_113_result_jy_HK_1611712573.2075415.jpg",
        "path": "file:D:/-----------------------------Python/-0-0-Spider/0-0-0-0---%E7%88%AC%E8%99%AB-%E8%BF%9B%E9%98%B6/%E9%AA%8C%E8%AF%81%E7%A0%81/jy-slide/JY-slide-pic/ok_113_result_jy_HK_1611712573.2075415.jpg",
        "size": {
            "width": 260,
            "height": 160
        },
        "state": 2,
        "type": 1
    },
    "regions": [
        {
            "id": "KrlZDA9Yp",
            "type": "RECTANGLE",
            "tags": [
                "target"
            ],
            "boundingBox": {
                "height": 39.42028985507247,
                "width": 48.11594202898551,
                "left": 123.47826086956522,
                "top": 73.33333333333334
            },
            "points": [
                {
                    "x": 123.47826086956522,
                    "y": 73.33333333333334
                },
                {
                    "x": 171.59420289855072,
                    "y": 73.33333333333334
                },
                {
                    "x": 171.59420289855072,
                    "y": 112.7536231884058
                },
                {
                    "x": 123.47826086956522,
                    "y": 112.7536231884058
                }
            ]
        }
    ],
    "version": "2.2.0"
}