{
    "asset": {
        "format": "jpg",
        "id": "8a68a4928bd7d969ada9b6dede8bae2f",
        "name": "ok_9_result_jy_HK_1611711766.3958724.jpg",
        "path": "file:D:/-----------------------------Python/-0-0-Spider/0-0-0-0---%E7%88%AC%E8%99%AB-%E8%BF%9B%E9%98%B6/%E9%AA%8C%E8%AF%81%E7%A0%81/jy-slide/JY-slide-pic/ok_9_result_jy_HK_1611711766.3958724.jpg",
        "size": {
            "width": 260,
            "height": 160
        },
        "state": 2,
        "type": 1
    },
    "regions": [
        {
            "id": "zOQutfmQZ",
            "type": "RECTANGLE",
            "tags": [
                "target"
            ],
            "boundingBox": {
                "height": 51.88405797101449,
                "width": 51.594202898550726,
                "left": 100.28985507246377,
                "top": 45.507246376811594
            },
            "points": [
                {
                    "x": 100.28985507246377,
                    "y": 45.507246376811594
                },
                {
                    "x": 151.8840579710145,
                    "y": 45.507246376811594
                },
                {
                    "x": 151.8840579710145,
                    "y": 97.3913043478261
                },
                {
                    "x": 100.28985507246377,
                    "y": 97.3913043478261
                }
            ]
        }
    ],
    "version": "2.2.0"
}