{
    "asset": {
        "format": "jpg",
        "id": "8afb527e925e1e640dc6f7afddc66bf2",
        "name": "ok_43_result_jy_HK_1611712184.0793052.jpg",
        "path": "file:D:/-----------------------------Python/-0-0-Spider/0-0-0-0---%E7%88%AC%E8%99%AB-%E8%BF%9B%E9%98%B6/%E9%AA%8C%E8%AF%81%E7%A0%81/jy-slide/JY-slide-pic/ok_43_result_jy_HK_1611712184.0793052.jpg",
        "size": {
            "width": 260,
            "height": 160
        },
        "state": 2,
        "type": 1
    },
    "regions": [
        {
            "id": "q226nkJ2t",
            "type": "RECTANGLE",
            "tags": [
                "target"
            ],
            "boundingBox": {
                "height": 45.507246376811594,
                "width": 48.405797101449274,
                "left": 56.52173913043478,
                "top": 71.59420289855073
            },
            "points": [
                {
                    "x": 56.52173913043478,
                    "y": 71.59420289855073
                },
                {
                    "x": 104.92753623188406,
                    "y": 71.59420289855073
                },
                {
                    "x": 104.92753623188406,
                    "y": 117.10144927536233
                },
                {
                    "x": 56.52173913043478,
                    "y": 117.10144927536233
                }
            ]
        }
    ],
    "version": "2.2.0"
}