{
    "asset": {
        "format": "jpg",
        "id": "8c40047c89538f982fcb64f892093ce2",
        "name": "ok_96_result_jy_HK_1611712482.3896804.jpg",
        "path": "file:D:/-----------------------------Python/-0-0-Spider/0-0-0-0---%E7%88%AC%E8%99%AB-%E8%BF%9B%E9%98%B6/%E9%AA%8C%E8%AF%81%E7%A0%81/jy-slide/JY-slide-pic/ok_96_result_jy_HK_1611712482.3896804.jpg",
        "size": {
            "width": 260,
            "height": 160
        },
        "state": 2,
        "type": 1
    },
    "regions": [
        {
            "id": "TNHKxYikK",
            "type": "RECTANGLE",
            "tags": [
                "target"
            ],
            "boundingBox": {
                "height": 40.28985507246377,
                "width": 42.31884057971015,
                "left": 85.5072463768116,
                "top": 74.20289855072464
            },
            "points": [
                {
                    "x": 85.5072463768116,
                    "y": 74.20289855072464
                },
                {
                    "x": 127.82608695652175,
                    "y": 74.20289855072464
                },
                {
                    "x": 127.82608695652175,
                    "y": 114.4927536231884
                },
                {
                    "x": 85.5072463768116,
                    "y": 114.4927536231884
                }
            ]
        }
    ],
    "version": "2.2.0"
}