{
    "asset": {
        "format": "jpg",
        "id": "8dd0354d0c2fb0a1686dd509892fefab",
        "name": "ok_14_result_jy_HK_1611712023.1953154.jpg",
        "path": "file:D:/-----------------------------Python/-0-0-Spider/0-0-0-0---%E7%88%AC%E8%99%AB-%E8%BF%9B%E9%98%B6/%E9%AA%8C%E8%AF%81%E7%A0%81/jy-slide/JY-slide-pic/ok_14_result_jy_HK_1611712023.1953154.jpg",
        "size": {
            "width": 260,
            "height": 160
        },
        "state": 2,
        "type": 1
    },
    "regions": [
        {
            "id": "_J_xE3dhJ",
            "type": "RECTANGLE",
            "tags": [
                "target"
            ],
            "boundingBox": {
                "height": 43.18840579710145,
                "width": 42.608695652173914,
                "left": 110.43478260869566,
                "top": 84.6376811594203
            },
            "points": [
                {
                    "x": 110.43478260869566,
                    "y": 84.6376811594203
                },
                {
                    "x": 153.04347826086956,
                    "y": 84.6376811594203
                },
                {
                    "x": 153.04347826086956,
                    "y": 127.82608695652175
                },
                {
                    "x": 110.43478260869566,
                    "y": 127.82608695652175
                }
            ]
        }
    ],
    "version": "2.2.0"
}