{
    "asset": {
        "format": "jpg",
        "id": "8f9694aa3bbbed4201a80e6c607f2ab4",
        "name": "ok_65_result_jy_HK_1611712314.3997157.jpg",
        "path": "file:D:/-----------------------------Python/-0-0-Spider/0-0-0-0---%E7%88%AC%E8%99%AB-%E8%BF%9B%E9%98%B6/%E9%AA%8C%E8%AF%81%E7%A0%81/jy-slide/JY-slide-pic/ok_65_result_jy_HK_1611712314.3997157.jpg",
        "size": {
            "width": 260,
            "height": 160
        },
        "state": 2,
        "type": 1
    },
    "regions": [
        {
            "id": "YidtUfn8q",
            "type": "RECTANGLE",
            "tags": [
                "target"
            ],
            "boundingBox": {
                "height": 46.3768115942029,
                "width": 49.27536231884058,
                "left": 107.82608695652175,
                "top": 35.36231884057971
            },
            "points": [
                {
                    "x": 107.82608695652175,
                    "y": 35.36231884057971
                },
                {
                    "x": 157.1014492753623,
                    "y": 35.36231884057971
                },
                {
                    "x": 157.1014492753623,
                    "y": 81.73913043478261
                },
                {
                    "x": 107.82608695652175,
                    "y": 81.73913043478261
                }
            ]
        }
    ],
    "version": "2.2.0"
}