{
    "asset": {
        "format": "jpg",
        "id": "919a2c007c95b4ad663d4fa4945e0fb1",
        "name": "ok_19_result_jy_HK_1611712063.4407766.jpg",
        "path": "file:D:/-----------------------------Python/-0-0-Spider/0-0-0-0---%E7%88%AC%E8%99%AB-%E8%BF%9B%E9%98%B6/%E9%AA%8C%E8%AF%81%E7%A0%81/jy-slide/JY-slide-pic/ok_19_result_jy_HK_1611712063.4407766.jpg",
        "size": {
            "width": 260,
            "height": 160
        },
        "state": 2,
        "type": 1
    },
    "regions": [
        {
            "id": "ZpwHN89T0",
            "type": "RECTANGLE",
            "tags": [
                "target"
            ],
            "boundingBox": {
                "height": 39.710144927536234,
                "width": 49.85507246376812,
                "left": 160.8695652173913,
                "top": 74.4927536231884
            },
            "points": [
                {
                    "x": 160.8695652173913,
                    "y": 74.4927536231884
                },
                {
                    "x": 210.72463768115944,
                    "y": 74.4927536231884
                },
                {
                    "x": 210.72463768115944,
                    "y": 114.20289855072464
                },
                {
                    "x": 160.8695652173913,
                    "y": 114.20289855072464
                }
            ]
        }
    ],
    "version": "2.2.0"
}