{
    "asset": {
        "format": "jpg",
        "id": "928da8391a02bd71abdbd87be6478aa0",
        "name": "ok_105_result_jy_HK_1611712519.5490646.jpg",
        "path": "file:D:/-----------------------------Python/-0-0-Spider/0-0-0-0---%E7%88%AC%E8%99%AB-%E8%BF%9B%E9%98%B6/%E9%AA%8C%E8%AF%81%E7%A0%81/jy-slide/JY-slide-pic/ok_105_result_jy_HK_1611712519.5490646.jpg",
        "size": {
            "width": 260,
            "height": 160
        },
        "state": 2,
        "type": 1
    },
    "regions": [
        {
            "id": "IF6NJFPQX",
            "type": "RECTANGLE",
            "tags": [
                "target"
            ],
            "boundingBox": {
                "height": 46.08695652173913,
                "width": 41.44927536231884,
                "left": 151.30434782608697,
                "top": 10.144927536231885
            },
            "points": [
                {
                    "x": 151.30434782608697,
                    "y": 10.144927536231885
                },
                {
                    "x": 192.7536231884058,
                    "y": 10.144927536231885
                },
                {
                    "x": 192.7536231884058,
                    "y": 56.231884057971016
                },
                {
                    "x": 151.30434782608697,
                    "y": 56.231884057971016
                }
            ]
        }
    ],
    "version": "2.2.0"
}