{
    "asset": {
        "format": "jpg",
        "id": "930bde4bfe444c301210fb29a8d6f233",
        "name": "ok_19_result_jy_HK_1611711803.298972.jpg",
        "path": "file:D:/-----------------------------Python/-0-0-Spider/0-0-0-0---%E7%88%AC%E8%99%AB-%E8%BF%9B%E9%98%B6/%E9%AA%8C%E8%AF%81%E7%A0%81/jy-slide/JY-slide-pic/ok_19_result_jy_HK_1611711803.298972.jpg",
        "size": {
            "width": 260,
            "height": 160
        },
        "state": 2,
        "type": 1
    },
    "regions": [
        {
            "id": "fu1cI4trw",
            "type": "RECTANGLE",
            "tags": [
                "target"
            ],
            "boundingBox": {
                "height": 47.2463768115942,
                "width": 47.536231884057976,
                "left": 135.65217391304347,
                "top": 69.85507246376812
            },
            "points": [
                {
                    "x": 135.65217391304347,
                    "y": 69.85507246376812
                },
                {
                    "x": 183.18840579710147,
                    "y": 69.85507246376812
                },
                {
                    "x": 183.18840579710147,
                    "y": 117.10144927536233
                },
                {
                    "x": 135.65217391304347,
                    "y": 117.10144927536233
                }
            ]
        }
    ],
    "version": "2.2.0"
}