{
    "asset": {
        "format": "jpg",
        "id": "93c84fc22f1b084ef393a9487c806a63",
        "name": "ok_73_result_jy_HK_1611712347.1005573.jpg",
        "path": "file:D:/-----------------------------Python/-0-0-Spider/0-0-0-0---%E7%88%AC%E8%99%AB-%E8%BF%9B%E9%98%B6/%E9%AA%8C%E8%AF%81%E7%A0%81/jy-slide/JY-slide-pic/ok_73_result_jy_HK_1611712347.1005573.jpg",
        "size": {
            "width": 260,
            "height": 160
        },
        "state": 2,
        "type": 1
    },
    "regions": [
        {
            "id": "VZSp8KVyS",
            "type": "RECTANGLE",
            "tags": [
                "target"
            ],
            "boundingBox": {
                "height": 43.768115942028984,
                "width": 42.31884057971015,
                "left": 101.15942028985508,
                "top": 42.608695652173914
            },
            "points": [
                {
                    "x": 101.15942028985508,
                    "y": 42.608695652173914
                },
                {
                    "x": 143.47826086956522,
                    "y": 42.608695652173914
                },
                {
                    "x": 143.47826086956522,
                    "y": 86.3768115942029
                },
                {
                    "x": 101.15942028985508,
                    "y": 86.3768115942029
                }
            ]
        }
    ],
    "version": "2.2.0"
}