{
    "asset": {
        "format": "jpg",
        "id": "949bc76d6f575112c25eab7b4fcd2ff4",
        "name": "ok_121_result_jy_HK_1611712626.558355.jpg",
        "path": "file:D:/-----------------------------Python/-0-0-Spider/0-0-0-0---%E7%88%AC%E8%99%AB-%E8%BF%9B%E9%98%B6/%E9%AA%8C%E8%AF%81%E7%A0%81/jy-slide/JY-slide-pic/ok_121_result_jy_HK_1611712626.558355.jpg",
        "size": {
            "width": 260,
            "height": 160
        },
        "state": 2,
        "type": 1
    },
    "regions": [
        {
            "id": "62na1tJNL",
            "type": "RECTANGLE",
            "tags": [
                "target"
            ],
            "boundingBox": {
                "height": 37.971014492753625,
                "width": 42.31884057971015,
                "left": 138.2608695652174,
                "top": 58.26086956521739
            },
            "points": [
                {
                    "x": 138.2608695652174,
                    "y": 58.26086956521739
                },
                {
                    "x": 180.57971014492753,
                    "y": 58.26086956521739
                },
                {
                    "x": 180.57971014492753,
                    "y": 96.23188405797102
                },
                {
                    "x": 138.2608695652174,
                    "y": 96.23188405797102
                }
            ]
        }
    ],
    "version": "2.2.0"
}