{
    "asset": {
        "format": "jpg",
        "id": "94d9b91d31e22fd1e8884abac6afd9c7",
        "name": "ok_140_result_jy_HK_1611712726.3501778.jpg",
        "path": "file:D:/-----------------------------Python/-0-0-Spider/0-0-0-0---%E7%88%AC%E8%99%AB-%E8%BF%9B%E9%98%B6/%E9%AA%8C%E8%AF%81%E7%A0%81/jy-slide/JY-slide-pic/ok_140_result_jy_HK_1611712726.3501778.jpg",
        "size": {
            "width": 260,
            "height": 160
        },
        "state": 2,
        "type": 1
    },
    "regions": [
        {
            "id": "nVC5lZFKK",
            "type": "RECTANGLE",
            "tags": [
                "target"
            ],
            "boundingBox": {
                "height": 43.768115942028984,
                "width": 49.56521739130435,
                "left": 83.18840579710145,
                "top": 77.3913043478261
            },
            "points": [
                {
                    "x": 83.18840579710145,
                    "y": 77.3913043478261
                },
                {
                    "x": 132.7536231884058,
                    "y": 77.3913043478261
                },
                {
                    "x": 132.7536231884058,
                    "y": 121.15942028985508
                },
                {
                    "x": 83.18840579710145,
                    "y": 121.15942028985508
                }
            ]
        }
    ],
    "version": "2.2.0"
}