{
    "asset": {
        "format": "jpg",
        "id": "95ba2db5745ce44d7311cd802738e721",
        "name": "ok_38_result_jy_HK_1611712163.6154792.jpg",
        "path": "file:D:/-----------------------------Python/-0-0-Spider/0-0-0-0---%E7%88%AC%E8%99%AB-%E8%BF%9B%E9%98%B6/%E9%AA%8C%E8%AF%81%E7%A0%81/jy-slide/JY-slide-pic/ok_38_result_jy_HK_1611712163.6154792.jpg",
        "size": {
            "width": 260,
            "height": 160
        },
        "state": 2,
        "type": 1
    },
    "regions": [
        {
            "id": "goTRkOOMr",
            "type": "RECTANGLE",
            "tags": [
                "target"
            ],
            "boundingBox": {
                "height": 43.18840579710145,
                "width": 49.56521739130435,
                "left": 123.18840579710145,
                "top": 61.15942028985508
            },
            "points": [
                {
                    "x": 123.18840579710145,
                    "y": 61.15942028985508
                },
                {
                    "x": 172.7536231884058,
                    "y": 61.15942028985508
                },
                {
                    "x": 172.7536231884058,
                    "y": 104.34782608695653
                },
                {
                    "x": 123.18840579710145,
                    "y": 104.34782608695653
                }
            ]
        }
    ],
    "version": "2.2.0"
}