{
    "asset": {
        "format": "jpg",
        "id": "96e7dcf5005ae8715f75b10459391249",
        "name": "ok_128_result_jy_HK_1611712655.6346765.jpg",
        "path": "file:D:/-----------------------------Python/-0-0-Spider/0-0-0-0---%E7%88%AC%E8%99%AB-%E8%BF%9B%E9%98%B6/%E9%AA%8C%E8%AF%81%E7%A0%81/jy-slide/JY-slide-pic/ok_128_result_jy_HK_1611712655.6346765.jpg",
        "size": {
            "width": 260,
            "height": 160
        },
        "state": 2,
        "type": 1
    },
    "regions": [
        {
            "id": "eBcSB6P8G",
            "type": "RECTANGLE",
            "tags": [
                "target"
            ],
            "boundingBox": {
                "height": 39.130434782608695,
                "width": 44.05797101449276,
                "left": 124.05797101449276,
                "top": 55.652173913043484
            },
            "points": [
                {
                    "x": 124.05797101449276,
                    "y": 55.652173913043484
                },
                {
                    "x": 168.1159420289855,
                    "y": 55.652173913043484
                },
                {
                    "x": 168.1159420289855,
                    "y": 94.78260869565217
                },
                {
                    "x": 124.05797101449276,
                    "y": 94.78260869565217
                }
            ]
        }
    ],
    "version": "2.2.0"
}