{
    "asset": {
        "format": "jpg",
        "id": "9ab10045252b8f2dfbd5c53c8f0f3712",
        "name": "ok_123_result_jy_HK_1611712634.6393766.jpg",
        "path": "file:D:/-----------------------------Python/-0-0-Spider/0-0-0-0---%E7%88%AC%E8%99%AB-%E8%BF%9B%E9%98%B6/%E9%AA%8C%E8%AF%81%E7%A0%81/jy-slide/JY-slide-pic/ok_123_result_jy_HK_1611712634.6393766.jpg",
        "size": {
            "width": 260,
            "height": 160
        },
        "state": 2,
        "type": 1
    },
    "regions": [
        {
            "id": "nBoTrMk9c",
            "type": "RECTANGLE",
            "tags": [
                "target"
            ],
            "boundingBox": {
                "height": 42.89855072463768,
                "width": 40.28985507246377,
                "left": 135.07246376811594,
                "top": 104.92753623188406
            },
            "points": [
                {
                    "x": 135.07246376811594,
                    "y": 104.92753623188406
                },
                {
                    "x": 175.36231884057972,
                    "y": 104.92753623188406
                },
                {
                    "x": 175.36231884057972,
                    "y": 147.82608695652175
                },
                {
                    "x": 135.07246376811594,
                    "y": 147.82608695652175
                }
            ]
        }
    ],
    "version": "2.2.0"
}