{
    "asset": {
        "format": "jpg",
        "id": "9c0ed978d1968122b12841346e40c078",
        "name": "ok_3_result_jy_HK_1611711745.4143946.jpg",
        "path": "file:D:/-----------------------------Python/-0-0-Spider/0-0-0-0---%E7%88%AC%E8%99%AB-%E8%BF%9B%E9%98%B6/%E9%AA%8C%E8%AF%81%E7%A0%81/jy-slide/JY-slide-pic/ok_3_result_jy_HK_1611711745.4143946.jpg",
        "size": {
            "width": 260,
            "height": 160
        },
        "state": 2,
        "type": 1
    },
    "regions": [
        {
            "id": "LpU513YwY",
            "type": "RECTANGLE",
            "tags": [
                "target"
            ],
            "boundingBox": {
                "height": 41.15942028985507,
                "width": 46.66666666666667,
                "left": 133.33333333333334,
                "top": 78.26086956521739
            },
            "points": [
                {
                    "x": 133.33333333333334,
                    "y": 78.26086956521739
                },
                {
                    "x": 180,
                    "y": 78.26086956521739
                },
                {
                    "x": 180,
                    "y": 119.42028985507247
                },
                {
                    "x": 133.33333333333334,
                    "y": 119.42028985507247
                }
            ]
        }
    ],
    "version": "2.2.0"
}