{
    "asset": {
        "format": "jpg",
        "id": "9fc8820033b9a9c191a0e6324b6fe146",
        "name": "ok_79_result_jy_HK_1611712391.8690326.jpg",
        "path": "file:D:/-----------------------------Python/-0-0-Spider/0-0-0-0---%E7%88%AC%E8%99%AB-%E8%BF%9B%E9%98%B6/%E9%AA%8C%E8%AF%81%E7%A0%81/jy-slide/JY-slide-pic/ok_79_result_jy_HK_1611712391.8690326.jpg",
        "size": {
            "width": 260,
            "height": 160
        },
        "state": 2,
        "type": 1
    },
    "regions": [
        {
            "id": "1UqN2Npqx",
            "type": "RECTANGLE",
            "tags": [
                "target"
            ],
            "boundingBox": {
                "height": 40.869565217391305,
                "width": 46.08695652173913,
                "left": 153.04347826086956,
                "top": 59.130434782608695
            },
            "points": [
                {
                    "x": 153.04347826086956,
                    "y": 59.130434782608695
                },
                {
                    "x": 199.13043478260872,
                    "y": 59.130434782608695
                },
                {
                    "x": 199.13043478260872,
                    "y": 100
                },
                {
                    "x": 153.04347826086956,
                    "y": 100
                }
            ]
        }
    ],
    "version": "2.2.0"
}