{
    "asset": {
        "format": "jpg",
        "id": "a24e10b6c95db88e32c14f03e93da497",
        "name": "ok_8_result_jy_HK_1611711763.125973.jpg",
        "path": "file:D:/-----------------------------Python/-0-0-Spider/0-0-0-0---%E7%88%AC%E8%99%AB-%E8%BF%9B%E9%98%B6/%E9%AA%8C%E8%AF%81%E7%A0%81/jy-slide/JY-slide-pic/ok_8_result_jy_HK_1611711763.125973.jpg",
        "size": {
            "width": 260,
            "height": 160
        },
        "state": 2,
        "type": 1
    },
    "regions": [
        {
            "id": "MoG9IbL6k",
            "type": "RECTANGLE",
            "tags": [
                "target"
            ],
            "boundingBox": {
                "height": 42.028985507246375,
                "width": 44.05797101449276,
                "left": 119.42028985507247,
                "top": 62.89855072463769
            },
            "points": [
                {
                    "x": 119.42028985507247,
                    "y": 62.89855072463769
                },
                {
                    "x": 163.47826086956522,
                    "y": 62.89855072463769
                },
                {
                    "x": 163.47826086956522,
                    "y": 104.92753623188406
                },
                {
                    "x": 119.42028985507247,
                    "y": 104.92753623188406
                }
            ]
        }
    ],
    "version": "2.2.0"
}