{
    "asset": {
        "format": "jpg",
        "id": "a3927f1f6bdaa47f50e1d3cb46b23035",
        "name": "ok_12_result_jy_HK_1611711777.9626231.jpg",
        "path": "file:D:/-----------------------------Python/-0-0-Spider/0-0-0-0---%E7%88%AC%E8%99%AB-%E8%BF%9B%E9%98%B6/%E9%AA%8C%E8%AF%81%E7%A0%81/jy-slide/JY-slide-pic/ok_12_result_jy_HK_1611711777.9626231.jpg",
        "size": {
            "width": 260,
            "height": 160
        },
        "state": 2,
        "type": 1
    },
    "regions": [
        {
            "id": "kQII0BlYN",
            "type": "RECTANGLE",
            "tags": [
                "target"
            ],
            "boundingBox": {
                "height": 44.34782608695652,
                "width": 43.18840579710145,
                "left": 101.44927536231884,
                "top": 77.10144927536233
            },
            "points": [
                {
                    "x": 101.44927536231884,
                    "y": 77.10144927536233
                },
                {
                    "x": 144.63768115942028,
                    "y": 77.10144927536233
                },
                {
                    "x": 144.63768115942028,
                    "y": 121.44927536231884
                },
                {
                    "x": 101.44927536231884,
                    "y": 121.44927536231884
                }
            ]
        }
    ],
    "version": "2.2.0"
}