{
    "asset": {
        "format": "jpg",
        "id": "a44ffe2e675b4e142231177f3a8c399b",
        "name": "ok_69_result_jy_HK_1611712330.486798.jpg",
        "path": "file:D:/-----------------------------Python/-0-0-Spider/0-0-0-0---%E7%88%AC%E8%99%AB-%E8%BF%9B%E9%98%B6/%E9%AA%8C%E8%AF%81%E7%A0%81/jy-slide/JY-slide-pic/ok_69_result_jy_HK_1611712330.486798.jpg",
        "size": {
            "width": 260,
            "height": 160
        },
        "state": 2,
        "type": 1
    },
    "regions": [
        {
            "id": "OXwfe7NjR",
            "type": "RECTANGLE",
            "tags": [
                "target"
            ],
            "boundingBox": {
                "height": 39.42028985507247,
                "width": 50.434782608695656,
                "left": 82.02898550724638,
                "top": 66.95652173913044
            },
            "points": [
                {
                    "x": 82.02898550724638,
                    "y": 66.95652173913044
                },
                {
                    "x": 132.46376811594203,
                    "y": 66.95652173913044
                },
                {
                    "x": 132.46376811594203,
                    "y": 106.3768115942029
                },
                {
                    "x": 82.02898550724638,
                    "y": 106.3768115942029
                }
            ]
        }
    ],
    "version": "2.2.0"
}