{
    "asset": {
        "format": "jpg",
        "id": "a4b445df010a94bd44d3fa8f15161dc0",
        "name": "ok_99_result_jy_HK_1611712494.8749118.jpg",
        "path": "file:D:/-----------------------------Python/-0-0-Spider/0-0-0-0---%E7%88%AC%E8%99%AB-%E8%BF%9B%E9%98%B6/%E9%AA%8C%E8%AF%81%E7%A0%81/jy-slide/JY-slide-pic/ok_99_result_jy_HK_1611712494.8749118.jpg",
        "size": {
            "width": 260,
            "height": 160
        },
        "state": 2,
        "type": 1
    },
    "regions": [
        {
            "id": "2bEMQLuzC",
            "type": "RECTANGLE",
            "tags": [
                "target"
            ],
            "boundingBox": {
                "height": 44.34782608695652,
                "width": 49.85507246376812,
                "left": 106.66666666666667,
                "top": 64.34782608695653
            },
            "points": [
                {
                    "x": 106.66666666666667,
                    "y": 64.34782608695653
                },
                {
                    "x": 156.52173913043478,
                    "y": 64.34782608695653
                },
                {
                    "x": 156.52173913043478,
                    "y": 108.69565217391305
                },
                {
                    "x": 106.66666666666667,
                    "y": 108.69565217391305
                }
            ]
        }
    ],
    "version": "2.2.0"
}