{
    "asset": {
        "format": "jpg",
        "id": "a5a2d4d93b17810f372431daad192590",
        "name": "ok_4_result_jy_HK_1611711983.0874307.jpg",
        "path": "file:D:/-----------------------------Python/-0-0-Spider/0-0-0-0---%E7%88%AC%E8%99%AB-%E8%BF%9B%E9%98%B6/%E9%AA%8C%E8%AF%81%E7%A0%81/jy-slide/JY-slide-pic/ok_4_result_jy_HK_1611711983.0874307.jpg",
        "size": {
            "width": 260,
            "height": 160
        },
        "state": 2,
        "type": 1
    },
    "regions": [
        {
            "id": "PWur7koxx",
            "type": "RECTANGLE",
            "tags": [
                "target"
            ],
            "boundingBox": {
                "height": 45.79710144927537,
                "width": 46.3768115942029,
                "left": 142.31884057971016,
                "top": 49.56521739130435
            },
            "points": [
                {
                    "x": 142.31884057971016,
                    "y": 49.56521739130435
                },
                {
                    "x": 188.69565217391306,
                    "y": 49.56521739130435
                },
                {
                    "x": 188.69565217391306,
                    "y": 95.36231884057972
                },
                {
                    "x": 142.31884057971016,
                    "y": 95.36231884057972
                }
            ]
        }
    ],
    "version": "2.2.0"
}