{
    "asset": {
        "format": "jpg",
        "id": "a7fb48ea8785e58f516727dae761ec2a",
        "name": "ok_104_result_jy_HK_1611712515.6371536.jpg",
        "path": "file:D:/-----------------------------Python/-0-0-Spider/0-0-0-0---%E7%88%AC%E8%99%AB-%E8%BF%9B%E9%98%B6/%E9%AA%8C%E8%AF%81%E7%A0%81/jy-slide/JY-slide-pic/ok_104_result_jy_HK_1611712515.6371536.jpg",
        "size": {
            "width": 260,
            "height": 160
        },
        "state": 2,
        "type": 1
    },
    "regions": [
        {
            "id": "C9C_tJT9w",
            "type": "RECTANGLE",
            "tags": [
                "target"
            ],
            "boundingBox": {
                "height": 40.28985507246377,
                "width": 40.57971014492754,
                "left": 103.47826086956522,
                "top": 23.47826086956522
            },
            "points": [
                {
                    "x": 103.47826086956522,
                    "y": 23.47826086956522
                },
                {
                    "x": 144.05797101449275,
                    "y": 23.47826086956522
                },
                {
                    "x": 144.05797101449275,
                    "y": 63.768115942028984
                },
                {
                    "x": 103.47826086956522,
                    "y": 63.768115942028984
                }
            ]
        }
    ],
    "version": "2.2.0"
}