{
    "asset": {
        "format": "jpg",
        "id": "a916727674055f8b5282496e33e9a2f6",
        "name": "ok_57_result_jy_HK_1611712261.2080095.jpg",
        "path": "file:D:/-----------------------------Python/-0-0-Spider/0-0-0-0---%E7%88%AC%E8%99%AB-%E8%BF%9B%E9%98%B6/%E9%AA%8C%E8%AF%81%E7%A0%81/jy-slide/JY-slide-pic/ok_57_result_jy_HK_1611712261.2080095.jpg",
        "size": {
            "width": 260,
            "height": 160
        },
        "state": 2,
        "type": 1
    },
    "regions": [
        {
            "id": "LCMAL_7ns",
            "type": "RECTANGLE",
            "tags": [
                "target"
            ],
            "boundingBox": {
                "height": 39.42028985507247,
                "width": 46.3768115942029,
                "left": 87.2463768115942,
                "top": 38.84057971014493
            },
            "points": [
                {
                    "x": 87.2463768115942,
                    "y": 38.84057971014493
                },
                {
                    "x": 133.6231884057971,
                    "y": 38.84057971014493
                },
                {
                    "x": 133.6231884057971,
                    "y": 78.26086956521739
                },
                {
                    "x": 87.2463768115942,
                    "y": 78.26086956521739
                }
            ]
        }
    ],
    "version": "2.2.0"
}