{
    "asset": {
        "format": "jpg",
        "id": "a91ad6343496f3b8d8711e6ca72fa626",
        "name": "ok_61_result_jy_HK_1611712297.8340373.jpg",
        "path": "file:D:/-----------------------------Python/-0-0-Spider/0-0-0-0---%E7%88%AC%E8%99%AB-%E8%BF%9B%E9%98%B6/%E9%AA%8C%E8%AF%81%E7%A0%81/jy-slide/JY-slide-pic/ok_61_result_jy_HK_1611712297.8340373.jpg",
        "size": {
            "width": 260,
            "height": 160
        },
        "state": 2,
        "type": 1
    },
    "regions": [
        {
            "id": "e-NWDNPS2",
            "type": "RECTANGLE",
            "tags": [
                "target"
            ],
            "boundingBox": {
                "height": 37.68115942028986,
                "width": 48.69565217391305,
                "left": 58.84057971014493,
                "top": 79.71014492753623
            },
            "points": [
                {
                    "x": 58.84057971014493,
                    "y": 79.71014492753623
                },
                {
                    "x": 107.53623188405797,
                    "y": 79.71014492753623
                },
                {
                    "x": 107.53623188405797,
                    "y": 117.3913043478261
                },
                {
                    "x": 58.84057971014493,
                    "y": 117.3913043478261
                }
            ]
        }
    ],
    "version": "2.2.0"
}