{
    "asset": {
        "format": "jpg",
        "id": "ab2b08f221d29f06260f117f1d23d043",
        "name": "ok_62_result_jy_HK_1611712301.8715825.jpg",
        "path": "file:D:/-----------------------------Python/-0-0-Spider/0-0-0-0---%E7%88%AC%E8%99%AB-%E8%BF%9B%E9%98%B6/%E9%AA%8C%E8%AF%81%E7%A0%81/jy-slide/JY-slide-pic/ok_62_result_jy_HK_1611712301.8715825.jpg",
        "size": {
            "width": 260,
            "height": 160
        },
        "state": 2,
        "type": 1
    },
    "regions": [
        {
            "id": "3jiN0bEh6",
            "type": "RECTANGLE",
            "tags": [
                "target"
            ],
            "boundingBox": {
                "height": 38.84057971014493,
                "width": 50.14492753623188,
                "left": 139.42028985507247,
                "top": 42.028985507246375
            },
            "points": [
                {
                    "x": 139.42028985507247,
                    "y": 42.028985507246375
                },
                {
                    "x": 189.56521739130434,
                    "y": 42.028985507246375
                },
                {
                    "x": 189.56521739130434,
                    "y": 80.86956521739131
                },
                {
                    "x": 139.42028985507247,
                    "y": 80.86956521739131
                }
            ]
        }
    ],
    "version": "2.2.0"
}