{
    "asset": {
        "format": "jpg",
        "id": "aec9cc8d5f4393690ae7ab8e6782fc57",
        "name": "ok_56_result_jy_HK_1611712257.221598.jpg",
        "path": "file:D:/-----------------------------Python/-0-0-Spider/0-0-0-0---%E7%88%AC%E8%99%AB-%E8%BF%9B%E9%98%B6/%E9%AA%8C%E8%AF%81%E7%A0%81/jy-slide/JY-slide-pic/ok_56_result_jy_HK_1611712257.221598.jpg",
        "size": {
            "width": 260,
            "height": 160
        },
        "state": 2,
        "type": 1
    },
    "regions": [
        {
            "id": "bIH1SrX_S",
            "type": "RECTANGLE",
            "tags": [
                "target"
            ],
            "boundingBox": {
                "height": 40.28985507246377,
                "width": 43.47826086956522,
                "left": 177.97101449275362,
                "top": 78.55072463768116
            },
            "points": [
                {
                    "x": 177.97101449275362,
                    "y": 78.55072463768116
                },
                {
                    "x": 221.44927536231884,
                    "y": 78.55072463768116
                },
                {
                    "x": 221.44927536231884,
                    "y": 118.84057971014494
                },
                {
                    "x": 177.97101449275362,
                    "y": 118.84057971014494
                }
            ]
        }
    ],
    "version": "2.2.0"
}