{
    "asset": {
        "format": "jpg",
        "id": "b0e3a127003ec275a518167b65806bd5",
        "name": "ok_40_result_jy_HK_1611712171.8310833.jpg",
        "path": "file:D:/-----------------------------Python/-0-0-Spider/0-0-0-0---%E7%88%AC%E8%99%AB-%E8%BF%9B%E9%98%B6/%E9%AA%8C%E8%AF%81%E7%A0%81/jy-slide/JY-slide-pic/ok_40_result_jy_HK_1611712171.8310833.jpg",
        "size": {
            "width": 260,
            "height": 160
        },
        "state": 2,
        "type": 1
    },
    "regions": [
        {
            "id": "TpBGsUtEt",
            "type": "RECTANGLE",
            "tags": [
                "target"
            ],
            "boundingBox": {
                "height": 40.869565217391305,
                "width": 41.44927536231884,
                "left": 86.3768115942029,
                "top": 74.4927536231884
            },
            "points": [
                {
                    "x": 86.3768115942029,
                    "y": 74.4927536231884
                },
                {
                    "x": 127.82608695652175,
                    "y": 74.4927536231884
                },
                {
                    "x": 127.82608695652175,
                    "y": 115.36231884057972
                },
                {
                    "x": 86.3768115942029,
                    "y": 115.36231884057972
                }
            ]
        }
    ],
    "version": "2.2.0"
}