{
    "asset": {
        "format": "jpg",
        "id": "b2bf51c92b9c2401eecb7f437e476f97",
        "name": "ok_136_result_jy_HK_1611712709.8286002.jpg",
        "path": "file:D:/-----------------------------Python/-0-0-Spider/0-0-0-0---%E7%88%AC%E8%99%AB-%E8%BF%9B%E9%98%B6/%E9%AA%8C%E8%AF%81%E7%A0%81/jy-slide/JY-slide-pic/ok_136_result_jy_HK_1611712709.8286002.jpg",
        "size": {
            "width": 260,
            "height": 160
        },
        "state": 2,
        "type": 1
    },
    "regions": [
        {
            "id": "SHt-9zm4t",
            "type": "RECTANGLE",
            "tags": [
                "target"
            ],
            "boundingBox": {
                "height": 45.79710144927537,
                "width": 40.28985507246377,
                "left": 191.0144927536232,
                "top": 18.55072463768116
            },
            "points": [
                {
                    "x": 191.0144927536232,
                    "y": 18.55072463768116
                },
                {
                    "x": 231.30434782608697,
                    "y": 18.55072463768116
                },
                {
                    "x": 231.30434782608697,
                    "y": 64.34782608695653
                },
                {
                    "x": 191.0144927536232,
                    "y": 64.34782608695653
                }
            ]
        }
    ],
    "version": "2.2.0"
}