{
    "asset": {
        "format": "jpg",
        "id": "b33db2886469a2924ceb2473d26927d1",
        "name": "ok_125_result_jy_HK_1611712642.978397.jpg",
        "path": "file:D:/-----------------------------Python/-0-0-Spider/0-0-0-0---%E7%88%AC%E8%99%AB-%E8%BF%9B%E9%98%B6/%E9%AA%8C%E8%AF%81%E7%A0%81/jy-slide/JY-slide-pic/ok_125_result_jy_HK_1611712642.978397.jpg",
        "size": {
            "width": 260,
            "height": 160
        },
        "state": 2,
        "type": 1
    },
    "regions": [
        {
            "id": "2HHbDEZcC",
            "type": "RECTANGLE",
            "tags": [
                "target"
            ],
            "boundingBox": {
                "height": 41.73913043478261,
                "width": 42.31884057971015,
                "left": 85.79710144927536,
                "top": 93.62318840579711
            },
            "points": [
                {
                    "x": 85.79710144927536,
                    "y": 93.62318840579711
                },
                {
                    "x": 128.1159420289855,
                    "y": 93.62318840579711
                },
                {
                    "x": 128.1159420289855,
                    "y": 135.36231884057972
                },
                {
                    "x": 85.79710144927536,
                    "y": 135.36231884057972
                }
            ]
        }
    ],
    "version": "2.2.0"
}