{
    "asset": {
        "format": "jpg",
        "id": "b40c87be028147261eb0dae1a454abd1",
        "name": "ok_9_result_jy_HK_1611712003.378647.jpg",
        "path": "file:D:/-----------------------------Python/-0-0-Spider/0-0-0-0---%E7%88%AC%E8%99%AB-%E8%BF%9B%E9%98%B6/%E9%AA%8C%E8%AF%81%E7%A0%81/jy-slide/JY-slide-pic/ok_9_result_jy_HK_1611712003.378647.jpg",
        "size": {
            "width": 260,
            "height": 160
        },
        "state": 2,
        "type": 1
    },
    "regions": [
        {
            "id": "g16ELxGhL",
            "type": "RECTANGLE",
            "tags": [
                "target"
            ],
            "boundingBox": {
                "height": 44.63768115942029,
                "width": 52.173913043478265,
                "left": 115.94202898550725,
                "top": 76.52173913043478
            },
            "points": [
                {
                    "x": 115.94202898550725,
                    "y": 76.52173913043478
                },
                {
                    "x": 168.1159420289855,
                    "y": 76.52173913043478
                },
                {
                    "x": 168.1159420289855,
                    "y": 121.15942028985508
                },
                {
                    "x": 115.94202898550725,
                    "y": 121.15942028985508
                }
            ]
        }
    ],
    "version": "2.2.0"
}