{
    "asset": {
        "format": "jpg",
        "id": "baf52d10bc4e57a85b82b84fe099411f",
        "name": "ok_60_result_jy_HK_1611712273.6082196.jpg",
        "path": "file:D:/-----------------------------Python/-0-0-Spider/0-0-0-0---%E7%88%AC%E8%99%AB-%E8%BF%9B%E9%98%B6/%E9%AA%8C%E8%AF%81%E7%A0%81/jy-slide/JY-slide-pic/ok_60_result_jy_HK_1611712273.6082196.jpg",
        "size": {
            "width": 260,
            "height": 160
        },
        "state": 2,
        "type": 1
    },
    "regions": [
        {
            "id": "4H8FVuwYI",
            "type": "RECTANGLE",
            "tags": [
                "target"
            ],
            "boundingBox": {
                "height": 37.971014492753625,
                "width": 39.130434782608695,
                "left": 165.21739130434784,
                "top": 61.15942028985508
            },
            "points": [
                {
                    "x": 165.21739130434784,
                    "y": 61.15942028985508
                },
                {
                    "x": 204.34782608695653,
                    "y": 61.15942028985508
                },
                {
                    "x": 204.34782608695653,
                    "y": 99.1304347826087
                },
                {
                    "x": 165.21739130434784,
                    "y": 99.1304347826087
                }
            ]
        }
    ],
    "version": "2.2.0"
}