{
    "asset": {
        "format": "jpg",
        "id": "bccc8123ea22cf5c6f7dd8f0dcd06b78",
        "name": "ok_22_result_jy_HK_1611712076.0452816.jpg",
        "path": "file:D:/-----------------------------Python/-0-0-Spider/0-0-0-0---%E7%88%AC%E8%99%AB-%E8%BF%9B%E9%98%B6/%E9%AA%8C%E8%AF%81%E7%A0%81/jy-slide/JY-slide-pic/ok_22_result_jy_HK_1611712076.0452816.jpg",
        "size": {
            "width": 260,
            "height": 160
        },
        "state": 2,
        "type": 1
    },
    "regions": [
        {
            "id": "X4-Jo2Ouj",
            "type": "RECTANGLE",
            "tags": [
                "target"
            ],
            "boundingBox": {
                "height": 40.28985507246377,
                "width": 47.536231884057976,
                "left": 179.42028985507247,
                "top": 80.28985507246377
            },
            "points": [
                {
                    "x": 179.42028985507247,
                    "y": 80.28985507246377
                },
                {
                    "x": 226.95652173913044,
                    "y": 80.28985507246377
                },
                {
                    "x": 226.95652173913044,
                    "y": 120.57971014492755
                },
                {
                    "x": 179.42028985507247,
                    "y": 120.57971014492755
                }
            ]
        }
    ],
    "version": "2.2.0"
}