{
    "asset": {
        "format": "jpg",
        "id": "beaf690d281762fdf5ff897a3687aacb",
        "name": "ok_53_result_jy_HK_1611712245.1391575.jpg",
        "path": "file:D:/-----------------------------Python/-0-0-Spider/0-0-0-0---%E7%88%AC%E8%99%AB-%E8%BF%9B%E9%98%B6/%E9%AA%8C%E8%AF%81%E7%A0%81/jy-slide/JY-slide-pic/ok_53_result_jy_HK_1611712245.1391575.jpg",
        "size": {
            "width": 260,
            "height": 160
        },
        "state": 2,
        "type": 1
    },
    "regions": [
        {
            "id": "86vPMtzC5",
            "type": "RECTANGLE",
            "tags": [
                "target"
            ],
            "boundingBox": {
                "height": 39.42028985507247,
                "width": 41.44927536231884,
                "left": 140.28985507246378,
                "top": 73.62318840579711
            },
            "points": [
                {
                    "x": 140.28985507246378,
                    "y": 73.62318840579711
                },
                {
                    "x": 181.73913043478262,
                    "y": 73.62318840579711
                },
                {
                    "x": 181.73913043478262,
                    "y": 113.04347826086956
                },
                {
                    "x": 140.28985507246378,
                    "y": 113.04347826086956
                }
            ]
        }
    ],
    "version": "2.2.0"
}