{
    "asset": {
        "format": "jpg",
        "id": "bfe42975b0cf1b29c0f4d530e2e2b4b9",
        "name": "ok_18_result_jy_HK_1611711799.266091.jpg",
        "path": "file:D:/-----------------------------Python/-0-0-Spider/0-0-0-0---%E7%88%AC%E8%99%AB-%E8%BF%9B%E9%98%B6/%E9%AA%8C%E8%AF%81%E7%A0%81/jy-slide/JY-slide-pic/ok_18_result_jy_HK_1611711799.266091.jpg",
        "size": {
            "width": 260,
            "height": 160
        },
        "state": 2,
        "type": 1
    },
    "regions": [
        {
            "id": "BwlheOwag",
            "type": "RECTANGLE",
            "tags": [
                "target"
            ],
            "boundingBox": {
                "height": 39.130434782608695,
                "width": 51.594202898550726,
                "left": 73.91304347826087,
                "top": 71.59420289855073
            },
            "points": [
                {
                    "x": 73.91304347826087,
                    "y": 71.59420289855073
                },
                {
                    "x": 125.5072463768116,
                    "y": 71.59420289855073
                },
                {
                    "x": 125.5072463768116,
                    "y": 110.72463768115942
                },
                {
                    "x": 73.91304347826087,
                    "y": 110.72463768115942
                }
            ]
        }
    ],
    "version": "2.2.0"
}