{
    "asset": {
        "format": "jpg",
        "id": "c19cbe3929217f2113f2dc2e1e6fd06e",
        "name": "ok_10_result_jy_HK_1611712007.2128685.jpg",
        "path": "file:D:/-----------------------------Python/-0-0-Spider/0-0-0-0---%E7%88%AC%E8%99%AB-%E8%BF%9B%E9%98%B6/%E9%AA%8C%E8%AF%81%E7%A0%81/jy-slide/JY-slide-pic/ok_10_result_jy_HK_1611712007.2128685.jpg",
        "size": {
            "width": 260,
            "height": 160
        },
        "state": 2,
        "type": 1
    },
    "regions": [
        {
            "id": "AMfAgAWWg",
            "type": "RECTANGLE",
            "tags": [
                "target"
            ],
            "boundingBox": {
                "height": 40,
                "width": 45.79710144927537,
                "left": 111.01449275362319,
                "top": 54.20289855072464
            },
            "points": [
                {
                    "x": 111.01449275362319,
                    "y": 54.20289855072464
                },
                {
                    "x": 156.81159420289856,
                    "y": 54.20289855072464
                },
                {
                    "x": 156.81159420289856,
                    "y": 94.20289855072464
                },
                {
                    "x": 111.01449275362319,
                    "y": 94.20289855072464
                }
            ]
        }
    ],
    "version": "2.2.0"
}