{
    "asset": {
        "format": "jpg",
        "id": "c237eb914375fc48c229f5ce4e5b2535",
        "name": "ok_32_result_jy_HK_1611712138.4512675.jpg",
        "path": "file:D:/-----------------------------Python/-0-0-Spider/0-0-0-0---%E7%88%AC%E8%99%AB-%E8%BF%9B%E9%98%B6/%E9%AA%8C%E8%AF%81%E7%A0%81/jy-slide/JY-slide-pic/ok_32_result_jy_HK_1611712138.4512675.jpg",
        "size": {
            "width": 260,
            "height": 160
        },
        "state": 2,
        "type": 1
    },
    "regions": [
        {
            "id": "tyk9XVDk-",
            "type": "RECTANGLE",
            "tags": [
                "target"
            ],
            "boundingBox": {
                "height": 44.05797101449276,
                "width": 41.73913043478261,
                "left": 166.08695652173913,
                "top": 31.01449275362319
            },
            "points": [
                {
                    "x": 166.08695652173913,
                    "y": 31.01449275362319
                },
                {
                    "x": 207.82608695652175,
                    "y": 31.01449275362319
                },
                {
                    "x": 207.82608695652175,
                    "y": 75.07246376811594
                },
                {
                    "x": 166.08695652173913,
                    "y": 75.07246376811594
                }
            ]
        }
    ],
    "version": "2.2.0"
}