{
    "asset": {
        "format": "jpg",
        "id": "c2e8bdd4eeb93ce95a0d40c6afda76a7",
        "name": "ok_74_result_jy_HK_1611712351.2659438.jpg",
        "path": "file:D:/-----------------------------Python/-0-0-Spider/0-0-0-0---%E7%88%AC%E8%99%AB-%E8%BF%9B%E9%98%B6/%E9%AA%8C%E8%AF%81%E7%A0%81/jy-slide/JY-slide-pic/ok_74_result_jy_HK_1611712351.2659438.jpg",
        "size": {
            "width": 260,
            "height": 160
        },
        "state": 2,
        "type": 1
    },
    "regions": [
        {
            "id": "PH73iOvr2",
            "type": "RECTANGLE",
            "tags": [
                "target"
            ],
            "boundingBox": {
                "height": 47.82608695652174,
                "width": 44.92753623188406,
                "left": 99.71014492753623,
                "top": 11.304347826086957
            },
            "points": [
                {
                    "x": 99.71014492753623,
                    "y": 11.304347826086957
                },
                {
                    "x": 144.63768115942028,
                    "y": 11.304347826086957
                },
                {
                    "x": 144.63768115942028,
                    "y": 59.130434782608695
                },
                {
                    "x": 99.71014492753623,
                    "y": 59.130434782608695
                }
            ]
        }
    ],
    "version": "2.2.0"
}