{
    "asset": {
        "format": "jpg",
        "id": "c316891cbd41dfb106843f79ac8ada91",
        "name": "ok_34_result_jy_HK_1611712147.2414107.jpg",
        "path": "file:D:/-----------------------------Python/-0-0-Spider/0-0-0-0---%E7%88%AC%E8%99%AB-%E8%BF%9B%E9%98%B6/%E9%AA%8C%E8%AF%81%E7%A0%81/jy-slide/JY-slide-pic/ok_34_result_jy_HK_1611712147.2414107.jpg",
        "size": {
            "width": 260,
            "height": 160
        },
        "state": 2,
        "type": 1
    },
    "regions": [
        {
            "id": "nYN_wj1A3",
            "type": "RECTANGLE",
            "tags": [
                "target"
            ],
            "boundingBox": {
                "height": 37.971014492753625,
                "width": 47.536231884057976,
                "left": 137.68115942028987,
                "top": 65.79710144927536
            },
            "points": [
                {
                    "x": 137.68115942028987,
                    "y": 65.79710144927536
                },
                {
                    "x": 185.21739130434784,
                    "y": 65.79710144927536
                },
                {
                    "x": 185.21739130434784,
                    "y": 103.76811594202898
                },
                {
                    "x": 137.68115942028987,
                    "y": 103.76811594202898
                }
            ]
        }
    ],
    "version": "2.2.0"
}