{
    "asset": {
        "format": "jpg",
        "id": "c58afe5cba1c2e36cab67c1549f7afa0",
        "name": "ok_145_result_jy_HK_1611712746.9346614.jpg",
        "path": "file:D:/-----------------------------Python/-0-0-Spider/0-0-0-0---%E7%88%AC%E8%99%AB-%E8%BF%9B%E9%98%B6/%E9%AA%8C%E8%AF%81%E7%A0%81/jy-slide/JY-slide-pic/ok_145_result_jy_HK_1611712746.9346614.jpg",
        "size": {
            "width": 260,
            "height": 160
        },
        "state": 2,
        "type": 1
    },
    "regions": [
        {
            "id": "mx0TgoqUC",
            "type": "RECTANGLE",
            "tags": [
                "target"
            ],
            "boundingBox": {
                "height": 42.89855072463768,
                "width": 46.95652173913044,
                "left": 113.62318840579711,
                "top": 60.869565217391305
            },
            "points": [
                {
                    "x": 113.62318840579711,
                    "y": 60.869565217391305
                },
                {
                    "x": 160.57971014492753,
                    "y": 60.869565217391305
                },
                {
                    "x": 160.57971014492753,
                    "y": 103.76811594202898
                },
                {
                    "x": 113.62318840579711,
                    "y": 103.76811594202898
                }
            ]
        }
    ],
    "version": "2.2.0"
}