{
    "asset": {
        "format": "jpg",
        "id": "c86ea34999d46eeb1ec94705d71df5a0",
        "name": "ok_41_result_jy_HK_1611712175.9866228.jpg",
        "path": "file:D:/-----------------------------Python/-0-0-Spider/0-0-0-0---%E7%88%AC%E8%99%AB-%E8%BF%9B%E9%98%B6/%E9%AA%8C%E8%AF%81%E7%A0%81/jy-slide/JY-slide-pic/ok_41_result_jy_HK_1611712175.9866228.jpg",
        "size": {
            "width": 260,
            "height": 160
        },
        "state": 2,
        "type": 1
    },
    "regions": [
        {
            "id": "GwXevE0PC",
            "type": "RECTANGLE",
            "tags": [
                "target"
            ],
            "boundingBox": {
                "height": 39.42028985507247,
                "width": 45.79710144927537,
                "left": 87.53623188405797,
                "top": 38.84057971014493
            },
            "points": [
                {
                    "x": 87.53623188405797,
                    "y": 38.84057971014493
                },
                {
                    "x": 133.33333333333334,
                    "y": 38.84057971014493
                },
                {
                    "x": 133.33333333333334,
                    "y": 78.26086956521739
                },
                {
                    "x": 87.53623188405797,
                    "y": 78.26086956521739
                }
            ]
        }
    ],
    "version": "2.2.0"
}