{
    "asset": {
        "format": "jpg",
        "id": "cab2194f3b3aaa0cdba621dfba11745b",
        "name": "ok_2_result_jy_HK_1611711741.9109745.jpg",
        "path": "file:D:/-----------------------------Python/-0-0-Spider/0-0-0-0---%E7%88%AC%E8%99%AB-%E8%BF%9B%E9%98%B6/%E9%AA%8C%E8%AF%81%E7%A0%81/jy-slide/JY-slide-pic/ok_2_result_jy_HK_1611711741.9109745.jpg",
        "size": {
            "width": 260,
            "height": 160
        },
        "state": 2,
        "type": 1
    },
    "regions": [
        {
            "id": "Pc-9jjSU3",
            "type": "RECTANGLE",
            "tags": [
                "target"
            ],
            "boundingBox": {
                "height": 43.18840579710145,
                "width": 43.768115942028984,
                "left": 146.95652173913044,
                "top": 73.33333333333334
            },
            "points": [
                {
                    "x": 146.95652173913044,
                    "y": 73.33333333333334
                },
                {
                    "x": 190.72463768115944,
                    "y": 73.33333333333334
                },
                {
                    "x": 190.72463768115944,
                    "y": 116.52173913043478
                },
                {
                    "x": 146.95652173913044,
                    "y": 116.52173913043478
                }
            ]
        }
    ],
    "version": "2.2.0"
}