{
    "asset": {
        "format": "jpg",
        "id": "cb1674192fbf528dbd3454c023d3ba4a",
        "name": "ok_146_result_jy_HK_1611712751.1117268.jpg",
        "path": "file:D:/-----------------------------Python/-0-0-Spider/0-0-0-0---%E7%88%AC%E8%99%AB-%E8%BF%9B%E9%98%B6/%E9%AA%8C%E8%AF%81%E7%A0%81/jy-slide/JY-slide-pic/ok_146_result_jy_HK_1611712751.1117268.jpg",
        "size": {
            "width": 260,
            "height": 160
        },
        "state": 2,
        "type": 1
    },
    "regions": [
        {
            "id": "WKt5xOImj",
            "type": "RECTANGLE",
            "tags": [
                "target"
            ],
            "boundingBox": {
                "height": 42.89855072463768,
                "width": 46.66666666666667,
                "left": 174.7826086956522,
                "top": 13.623188405797102
            },
            "points": [
                {
                    "x": 174.7826086956522,
                    "y": 13.623188405797102
                },
                {
                    "x": 221.44927536231884,
                    "y": 13.623188405797102
                },
                {
                    "x": 221.44927536231884,
                    "y": 56.52173913043478
                },
                {
                    "x": 174.7826086956522,
                    "y": 56.52173913043478
                }
            ]
        }
    ],
    "version": "2.2.0"
}