{
    "asset": {
        "format": "jpg",
        "id": "ccbc054ab2ea5dcbc74fe0603037bebd",
        "name": "ok_64_result_jy_HK_1611712310.2792037.jpg",
        "path": "file:D:/-----------------------------Python/-0-0-Spider/0-0-0-0---%E7%88%AC%E8%99%AB-%E8%BF%9B%E9%98%B6/%E9%AA%8C%E8%AF%81%E7%A0%81/jy-slide/JY-slide-pic/ok_64_result_jy_HK_1611712310.2792037.jpg",
        "size": {
            "width": 260,
            "height": 160
        },
        "state": 2,
        "type": 1
    },
    "regions": [
        {
            "id": "BDSiJ5RBv",
            "type": "RECTANGLE",
            "tags": [
                "target"
            ],
            "boundingBox": {
                "height": 50.14492753623188,
                "width": 47.536231884057976,
                "left": 47.2463768115942,
                "top": 68.98550724637681
            },
            "points": [
                {
                    "x": 47.2463768115942,
                    "y": 68.98550724637681
                },
                {
                    "x": 94.78260869565217,
                    "y": 68.98550724637681
                },
                {
                    "x": 94.78260869565217,
                    "y": 119.1304347826087
                },
                {
                    "x": 47.2463768115942,
                    "y": 119.1304347826087
                }
            ]
        }
    ],
    "version": "2.2.0"
}