{
    "asset": {
        "format": "jpg",
        "id": "ccc0e2a4bbb9bf21242d0669478c453b",
        "name": "ok_112_result_jy_HK_1611712569.064326.jpg",
        "path": "file:D:/-----------------------------Python/-0-0-Spider/0-0-0-0---%E7%88%AC%E8%99%AB-%E8%BF%9B%E9%98%B6/%E9%AA%8C%E8%AF%81%E7%A0%81/jy-slide/JY-slide-pic/ok_112_result_jy_HK_1611712569.064326.jpg",
        "size": {
            "width": 260,
            "height": 160
        },
        "state": 2,
        "type": 1
    },
    "regions": [
        {
            "id": "N8u4v7ulP",
            "type": "RECTANGLE",
            "tags": [
                "target"
            ],
            "boundingBox": {
                "height": 40,
                "width": 47.536231884057976,
                "left": 79.42028985507247,
                "top": 60.869565217391305
            },
            "points": [
                {
                    "x": 79.42028985507247,
                    "y": 60.869565217391305
                },
                {
                    "x": 126.95652173913044,
                    "y": 60.869565217391305
                },
                {
                    "x": 126.95652173913044,
                    "y": 100.86956521739131
                },
                {
                    "x": 79.42028985507247,
                    "y": 100.86956521739131
                }
            ]
        }
    ],
    "version": "2.2.0"
}