{
    "asset": {
        "format": "jpg",
        "id": "cd7617aab7350f5d02b2d94b85d0d31b",
        "name": "ok_27_result_jy_HK_1611712097.2292745.jpg",
        "path": "file:D:/-----------------------------Python/-0-0-Spider/0-0-0-0---%E7%88%AC%E8%99%AB-%E8%BF%9B%E9%98%B6/%E9%AA%8C%E8%AF%81%E7%A0%81/jy-slide/JY-slide-pic/ok_27_result_jy_HK_1611712097.2292745.jpg",
        "size": {
            "width": 260,
            "height": 160
        },
        "state": 2,
        "type": 1
    },
    "regions": [
        {
            "id": "gVDnZsmWd",
            "type": "RECTANGLE",
            "tags": [
                "target"
            ],
            "boundingBox": {
                "height": 46.08695652173913,
                "width": 50.72463768115942,
                "left": 106.3768115942029,
                "top": 63.47826086956522
            },
            "points": [
                {
                    "x": 106.3768115942029,
                    "y": 63.47826086956522
                },
                {
                    "x": 157.1014492753623,
                    "y": 63.47826086956522
                },
                {
                    "x": 157.1014492753623,
                    "y": 109.56521739130436
                },
                {
                    "x": 106.3768115942029,
                    "y": 109.56521739130436
                }
            ]
        }
    ],
    "version": "2.2.0"
}