{
    "asset": {
        "format": "jpg",
        "id": "ce8b93ad440ba0ddd1d277dfa7983cb0",
        "name": "ok_144_result_jy_HK_1611712743.066702.jpg",
        "path": "file:D:/-----------------------------Python/-0-0-Spider/0-0-0-0---%E7%88%AC%E8%99%AB-%E8%BF%9B%E9%98%B6/%E9%AA%8C%E8%AF%81%E7%A0%81/jy-slide/JY-slide-pic/ok_144_result_jy_HK_1611712743.066702.jpg",
        "size": {
            "width": 260,
            "height": 160
        },
        "state": 2,
        "type": 1
    },
    "regions": [
        {
            "id": "OThySsj96",
            "type": "RECTANGLE",
            "tags": [
                "target"
            ],
            "boundingBox": {
                "height": 45.79710144927537,
                "width": 46.95652173913044,
                "left": 136.81159420289856,
                "top": 63.47826086956522
            },
            "points": [
                {
                    "x": 136.81159420289856,
                    "y": 63.47826086956522
                },
                {
                    "x": 183.768115942029,
                    "y": 63.47826086956522
                },
                {
                    "x": 183.768115942029,
                    "y": 109.27536231884058
                },
                {
                    "x": 136.81159420289856,
                    "y": 109.27536231884058
                }
            ]
        }
    ],
    "version": "2.2.0"
}