{
    "asset": {
        "format": "jpg",
        "id": "cfbcbbbdea66943fdda8748f5bd30813",
        "name": "ok_94_result_jy_HK_1611712474.3589756.jpg",
        "path": "file:D:/-----------------------------Python/-0-0-Spider/0-0-0-0---%E7%88%AC%E8%99%AB-%E8%BF%9B%E9%98%B6/%E9%AA%8C%E8%AF%81%E7%A0%81/jy-slide/JY-slide-pic/ok_94_result_jy_HK_1611712474.3589756.jpg",
        "size": {
            "width": 260,
            "height": 160
        },
        "state": 2,
        "type": 1
    },
    "regions": [
        {
            "id": "Dc0xX0naf",
            "type": "RECTANGLE",
            "tags": [
                "target"
            ],
            "boundingBox": {
                "height": 38.550724637681164,
                "width": 40.57971014492754,
                "left": 74.4927536231884,
                "top": 80.86956521739131
            },
            "points": [
                {
                    "x": 74.4927536231884,
                    "y": 80.86956521739131
                },
                {
                    "x": 115.07246376811595,
                    "y": 80.86956521739131
                },
                {
                    "x": 115.07246376811595,
                    "y": 119.42028985507247
                },
                {
                    "x": 74.4927536231884,
                    "y": 119.42028985507247
                }
            ]
        }
    ],
    "version": "2.2.0"
}