{
    "asset": {
        "format": "jpg",
        "id": "d235521e9c2229dfe1ce264833ed1fcc",
        "name": "ok_30_result_jy_HK_1611712109.8998802.jpg",
        "path": "file:D:/-----------------------------Python/-0-0-Spider/0-0-0-0---%E7%88%AC%E8%99%AB-%E8%BF%9B%E9%98%B6/%E9%AA%8C%E8%AF%81%E7%A0%81/jy-slide/JY-slide-pic/ok_30_result_jy_HK_1611712109.8998802.jpg",
        "size": {
            "width": 260,
            "height": 160
        },
        "state": 2,
        "type": 1
    },
    "regions": [
        {
            "id": "7e8c5Nfro",
            "type": "RECTANGLE",
            "tags": [
                "target"
            ],
            "boundingBox": {
                "height": 41.15942028985507,
                "width": 46.95652173913044,
                "left": 130.14492753623188,
                "top": 28.985507246376812
            },
            "points": [
                {
                    "x": 130.14492753623188,
                    "y": 28.985507246376812
                },
                {
                    "x": 177.1014492753623,
                    "y": 28.985507246376812
                },
                {
                    "x": 177.1014492753623,
                    "y": 70.14492753623189
                },
                {
                    "x": 130.14492753623188,
                    "y": 70.14492753623189
                }
            ]
        }
    ],
    "version": "2.2.0"
}