{
    "asset": {
        "format": "jpg",
        "id": "d2816564ffb566c2a166dfa1352fbbe3",
        "name": "ok_72_result_jy_HK_1611712342.9915903.jpg",
        "path": "file:D:/-----------------------------Python/-0-0-Spider/0-0-0-0---%E7%88%AC%E8%99%AB-%E8%BF%9B%E9%98%B6/%E9%AA%8C%E8%AF%81%E7%A0%81/jy-slide/JY-slide-pic/ok_72_result_jy_HK_1611712342.9915903.jpg",
        "size": {
            "width": 260,
            "height": 160
        },
        "state": 2,
        "type": 1
    },
    "regions": [
        {
            "id": "PFhzDiIH6",
            "type": "RECTANGLE",
            "tags": [
                "target"
            ],
            "boundingBox": {
                "height": 51.88405797101449,
                "width": 49.56521739130435,
                "left": 124.6376811594203,
                "top": 70.43478260869566
            },
            "points": [
                {
                    "x": 124.6376811594203,
                    "y": 70.43478260869566
                },
                {
                    "x": 174.20289855072465,
                    "y": 70.43478260869566
                },
                {
                    "x": 174.20289855072465,
                    "y": 122.31884057971016
                },
                {
                    "x": 124.6376811594203,
                    "y": 122.31884057971016
                }
            ]
        }
    ],
    "version": "2.2.0"
}