{
    "asset": {
        "format": "jpg",
        "id": "d6bb6a2fdf4e1a4ca98b0dd7f558b650",
        "name": "ok_28_result_jy_HK_1611712101.6285117.jpg",
        "path": "file:D:/-----------------------------Python/-0-0-Spider/0-0-0-0---%E7%88%AC%E8%99%AB-%E8%BF%9B%E9%98%B6/%E9%AA%8C%E8%AF%81%E7%A0%81/jy-slide/JY-slide-pic/ok_28_result_jy_HK_1611712101.6285117.jpg",
        "size": {
            "width": 260,
            "height": 160
        },
        "state": 2,
        "type": 1
    },
    "regions": [
        {
            "id": "SzvC6vYow",
            "type": "RECTANGLE",
            "tags": [
                "target"
            ],
            "boundingBox": {
                "height": 39.130434782608695,
                "width": 42.028985507246375,
                "left": 125.5072463768116,
                "top": 58.84057971014493
            },
            "points": [
                {
                    "x": 125.5072463768116,
                    "y": 58.84057971014493
                },
                {
                    "x": 167.53623188405797,
                    "y": 58.84057971014493
                },
                {
                    "x": 167.53623188405797,
                    "y": 97.97101449275362
                },
                {
                    "x": 125.5072463768116,
                    "y": 97.97101449275362
                }
            ]
        }
    ],
    "version": "2.2.0"
}