{
    "asset": {
        "format": "jpg",
        "id": "d7dbb8b914883c5271a58b17aa5126a9",
        "name": "ok_35_result_jy_HK_1611712151.3129702.jpg",
        "path": "file:D:/-----------------------------Python/-0-0-Spider/0-0-0-0---%E7%88%AC%E8%99%AB-%E8%BF%9B%E9%98%B6/%E9%AA%8C%E8%AF%81%E7%A0%81/jy-slide/JY-slide-pic/ok_35_result_jy_HK_1611712151.3129702.jpg",
        "size": {
            "width": 260,
            "height": 160
        },
        "state": 2,
        "type": 1
    },
    "regions": [
        {
            "id": "rZFd1e7xq",
            "type": "RECTANGLE",
            "tags": [
                "target"
            ],
            "boundingBox": {
                "height": 44.63768115942029,
                "width": 44.34782608695652,
                "left": 179.1304347826087,
                "top": 61.73913043478261
            },
            "points": [
                {
                    "x": 179.1304347826087,
                    "y": 61.73913043478261
                },
                {
                    "x": 223.47826086956522,
                    "y": 61.73913043478261
                },
                {
                    "x": 223.47826086956522,
                    "y": 106.3768115942029
                },
                {
                    "x": 179.1304347826087,
                    "y": 106.3768115942029
                }
            ]
        }
    ],
    "version": "2.2.0"
}