{
    "asset": {
        "format": "jpg",
        "id": "d82d29bb18503be90846f667e1345101",
        "name": "ok_119_result_jy_HK_1611712597.874169.jpg",
        "path": "file:D:/-----------------------------Python/-0-0-Spider/0-0-0-0---%E7%88%AC%E8%99%AB-%E8%BF%9B%E9%98%B6/%E9%AA%8C%E8%AF%81%E7%A0%81/jy-slide/JY-slide-pic/ok_119_result_jy_HK_1611712597.874169.jpg",
        "size": {
            "width": 260,
            "height": 160
        },
        "state": 2,
        "type": 1
    },
    "regions": [
        {
            "id": "OWfHiWrau",
            "type": "RECTANGLE",
            "tags": [
                "target"
            ],
            "boundingBox": {
                "height": 43.18840579710145,
                "width": 47.82608695652174,
                "left": 178.55072463768116,
                "top": 48.11594202898551
            },
            "points": [
                {
                    "x": 178.55072463768116,
                    "y": 48.11594202898551
                },
                {
                    "x": 226.3768115942029,
                    "y": 48.11594202898551
                },
                {
                    "x": 226.3768115942029,
                    "y": 91.30434782608695
                },
                {
                    "x": 178.55072463768116,
                    "y": 91.30434782608695
                }
            ]
        }
    ],
    "version": "2.2.0"
}