{
    "asset": {
        "format": "jpg",
        "id": "d9abe02993bb424918b05118ed4ca017",
        "name": "ok_108_result_jy_HK_1611712552.298641.jpg",
        "path": "file:D:/-----------------------------Python/-0-0-Spider/0-0-0-0---%E7%88%AC%E8%99%AB-%E8%BF%9B%E9%98%B6/%E9%AA%8C%E8%AF%81%E7%A0%81/jy-slide/JY-slide-pic/ok_108_result_jy_HK_1611712552.298641.jpg",
        "size": {
            "width": 260,
            "height": 160
        },
        "state": 2,
        "type": 1
    },
    "regions": [
        {
            "id": "5g1QYmaay",
            "type": "RECTANGLE",
            "tags": [
                "target"
            ],
            "boundingBox": {
                "height": 43.768115942028984,
                "width": 45.21739130434783,
                "left": 166.66666666666669,
                "top": 60.869565217391305
            },
            "points": [
                {
                    "x": 166.66666666666669,
                    "y": 60.869565217391305
                },
                {
                    "x": 211.8840579710145,
                    "y": 60.869565217391305
                },
                {
                    "x": 211.8840579710145,
                    "y": 104.6376811594203
                },
                {
                    "x": 166.66666666666669,
                    "y": 104.6376811594203
                }
            ]
        }
    ],
    "version": "2.2.0"
}