{
    "asset": {
        "format": "jpg",
        "id": "da103179769956e0338547ebfe2e33d5",
        "name": "ok_118_result_jy_HK_1611712593.7701812.jpg",
        "path": "file:D:/-----------------------------Python/-0-0-Spider/0-0-0-0---%E7%88%AC%E8%99%AB-%E8%BF%9B%E9%98%B6/%E9%AA%8C%E8%AF%81%E7%A0%81/jy-slide/JY-slide-pic/ok_118_result_jy_HK_1611712593.7701812.jpg",
        "size": {
            "width": 260,
            "height": 160
        },
        "state": 2,
        "type": 1
    },
    "regions": [
        {
            "id": "k2TSDqhgF",
            "type": "RECTANGLE",
            "tags": [
                "target"
            ],
            "boundingBox": {
                "height": 41.15942028985507,
                "width": 48.11594202898551,
                "left": 72.17391304347827,
                "top": 93.62318840579711
            },
            "points": [
                {
                    "x": 72.17391304347827,
                    "y": 93.62318840579711
                },
                {
                    "x": 120.28985507246377,
                    "y": 93.62318840579711
                },
                {
                    "x": 120.28985507246377,
                    "y": 134.7826086956522
                },
                {
                    "x": 72.17391304347827,
                    "y": 134.7826086956522
                }
            ]
        }
    ],
    "version": "2.2.0"
}