{
    "asset": {
        "format": "jpg",
        "id": "dd6b211ff6606fb7168a3d5c994aefa3",
        "name": "ok_85_result_jy_HK_1611712416.320802.jpg",
        "path": "file:D:/-----------------------------Python/-0-0-Spider/0-0-0-0---%E7%88%AC%E8%99%AB-%E8%BF%9B%E9%98%B6/%E9%AA%8C%E8%AF%81%E7%A0%81/jy-slide/JY-slide-pic/ok_85_result_jy_HK_1611712416.320802.jpg",
        "size": {
            "width": 260,
            "height": 160
        },
        "state": 2,
        "type": 1
    },
    "regions": [
        {
            "id": "l1w5kzDar",
            "type": "RECTANGLE",
            "tags": [
                "target"
            ],
            "boundingBox": {
                "height": 45.79710144927537,
                "width": 42.89855072463768,
                "left": 140.57971014492753,
                "top": 30.144927536231886
            },
            "points": [
                {
                    "x": 140.57971014492753,
                    "y": 30.144927536231886
                },
                {
                    "x": 183.47826086956522,
                    "y": 30.144927536231886
                },
                {
                    "x": 183.47826086956522,
                    "y": 75.94202898550725
                },
                {
                    "x": 140.57971014492753,
                    "y": 75.94202898550725
                }
            ]
        }
    ],
    "version": "2.2.0"
}