{
    "asset": {
        "format": "jpg",
        "id": "de59c5ba643a2b71230ffc78d29be84b",
        "name": "ok_93_result_jy_HK_1611712470.3283947.jpg",
        "path": "file:D:/-----------------------------Python/-0-0-Spider/0-0-0-0---%E7%88%AC%E8%99%AB-%E8%BF%9B%E9%98%B6/%E9%AA%8C%E8%AF%81%E7%A0%81/jy-slide/JY-slide-pic/ok_93_result_jy_HK_1611712470.3283947.jpg",
        "size": {
            "width": 260,
            "height": 160
        },
        "state": 2,
        "type": 1
    },
    "regions": [
        {
            "id": "H8LP5cmsn",
            "type": "RECTANGLE",
            "tags": [
                "target"
            ],
            "boundingBox": {
                "height": 39.130434782608695,
                "width": 41.15942028985507,
                "left": 125.79710144927537,
                "top": 95.65217391304348
            },
            "points": [
                {
                    "x": 125.79710144927537,
                    "y": 95.65217391304348
                },
                {
                    "x": 166.95652173913044,
                    "y": 95.65217391304348
                },
                {
                    "x": 166.95652173913044,
                    "y": 134.7826086956522
                },
                {
                    "x": 125.79710144927537,
                    "y": 134.7826086956522
                }
            ]
        }
    ],
    "version": "2.2.0"
}