{
    "asset": {
        "format": "jpg",
        "id": "e11e6bf5020f66e7ddbc7fb5c878b921",
        "name": "ok_17_result_jy_HK_1611711795.909465.jpg",
        "path": "file:D:/-----------------------------Python/-0-0-Spider/0-0-0-0---%E7%88%AC%E8%99%AB-%E8%BF%9B%E9%98%B6/%E9%AA%8C%E8%AF%81%E7%A0%81/jy-slide/JY-slide-pic/ok_17_result_jy_HK_1611711795.909465.jpg",
        "size": {
            "width": 260,
            "height": 160
        },
        "state": 2,
        "type": 1
    },
    "regions": [
        {
            "id": "tgx6p3Knc",
            "type": "RECTANGLE",
            "tags": [
                "target"
            ],
            "boundingBox": {
                "height": 40,
                "width": 40.57971014492754,
                "left": 115.65217391304348,
                "top": 91.59420289855073
            },
            "points": [
                {
                    "x": 115.65217391304348,
                    "y": 91.59420289855073
                },
                {
                    "x": 156.23188405797103,
                    "y": 91.59420289855073
                },
                {
                    "x": 156.23188405797103,
                    "y": 131.59420289855072
                },
                {
                    "x": 115.65217391304348,
                    "y": 131.59420289855072
                }
            ]
        }
    ],
    "version": "2.2.0"
}