{
    "asset": {
        "format": "jpg",
        "id": "e26457c3495ece8d91822ac0805642bb",
        "name": "ok_143_result_jy_HK_1611712738.8358498.jpg",
        "path": "file:D:/-----------------------------Python/-0-0-Spider/0-0-0-0---%E7%88%AC%E8%99%AB-%E8%BF%9B%E9%98%B6/%E9%AA%8C%E8%AF%81%E7%A0%81/jy-slide/JY-slide-pic/ok_143_result_jy_HK_1611712738.8358498.jpg",
        "size": {
            "width": 260,
            "height": 160
        },
        "state": 2,
        "type": 1
    },
    "regions": [
        {
            "id": "KwDnNzjIN",
            "type": "RECTANGLE",
            "tags": [
                "target"
            ],
            "boundingBox": {
                "height": 46.66666666666667,
                "width": 41.73913043478261,
                "left": 173.33333333333334,
                "top": 73.33333333333334
            },
            "points": [
                {
                    "x": 173.33333333333334,
                    "y": 73.33333333333334
                },
                {
                    "x": 215.07246376811594,
                    "y": 73.33333333333334
                },
                {
                    "x": 215.07246376811594,
                    "y": 120
                },
                {
                    "x": 173.33333333333334,
                    "y": 120
                }
            ]
        }
    ],
    "version": "2.2.0"
}