{
    "asset": {
        "format": "jpg",
        "id": "e4cc73cfc1f72a6e19f8fcc35a1fbe52",
        "name": "ok_142_result_jy_HK_1611712734.6406534.jpg",
        "path": "file:D:/-----------------------------Python/-0-0-Spider/0-0-0-0---%E7%88%AC%E8%99%AB-%E8%BF%9B%E9%98%B6/%E9%AA%8C%E8%AF%81%E7%A0%81/jy-slide/JY-slide-pic/ok_142_result_jy_HK_1611712734.6406534.jpg",
        "size": {
            "width": 260,
            "height": 160
        },
        "state": 2,
        "type": 1
    },
    "regions": [
        {
            "id": "NeO-ObSUb",
            "type": "RECTANGLE",
            "tags": [
                "target"
            ],
            "boundingBox": {
                "height": 44.34782608695652,
                "width": 45.507246376811594,
                "left": 67.53623188405797,
                "top": 71.8840579710145
            },
            "points": [
                {
                    "x": 67.53623188405797,
                    "y": 71.8840579710145
                },
                {
                    "x": 113.04347826086956,
                    "y": 71.8840579710145
                },
                {
                    "x": 113.04347826086956,
                    "y": 116.23188405797102
                },
                {
                    "x": 67.53623188405797,
                    "y": 116.23188405797102
                }
            ]
        }
    ],
    "version": "2.2.0"
}