{
    "asset": {
        "format": "jpg",
        "id": "e52495ef8a656e0eb1c574c0de2a3baf",
        "name": "ok_68_result_jy_HK_1611712326.5061042.jpg",
        "path": "file:D:/-----------------------------Python/-0-0-Spider/0-0-0-0---%E7%88%AC%E8%99%AB-%E8%BF%9B%E9%98%B6/%E9%AA%8C%E8%AF%81%E7%A0%81/jy-slide/JY-slide-pic/ok_68_result_jy_HK_1611712326.5061042.jpg",
        "size": {
            "width": 260,
            "height": 160
        },
        "state": 2,
        "type": 1
    },
    "regions": [
        {
            "id": "lQmM4NX5l",
            "type": "RECTANGLE",
            "tags": [
                "target"
            ],
            "boundingBox": {
                "height": 38.84057971014493,
                "width": 42.31884057971015,
                "left": 80.86956521739131,
                "top": 81.44927536231884
            },
            "points": [
                {
                    "x": 80.86956521739131,
                    "y": 81.44927536231884
                },
                {
                    "x": 123.18840579710145,
                    "y": 81.44927536231884
                },
                {
                    "x": 123.18840579710145,
                    "y": 120.28985507246377
                },
                {
                    "x": 80.86956521739131,
                    "y": 120.28985507246377
                }
            ]
        }
    ],
    "version": "2.2.0"
}