{
    "asset": {
        "format": "jpg",
        "id": "e82f41260c5c144bf0af4ef4b7887e30",
        "name": "ok_13_result_jy_HK_1611712019.0667038.jpg",
        "path": "file:D:/-----------------------------Python/-0-0-Spider/0-0-0-0---%E7%88%AC%E8%99%AB-%E8%BF%9B%E9%98%B6/%E9%AA%8C%E8%AF%81%E7%A0%81/jy-slide/JY-slide-pic/ok_13_result_jy_HK_1611712019.0667038.jpg",
        "size": {
            "width": 260,
            "height": 160
        },
        "state": 2,
        "type": 1
    },
    "regions": [
        {
            "id": "1T229ENTQ",
            "type": "RECTANGLE",
            "tags": [
                "target"
            ],
            "boundingBox": {
                "height": 40.28985507246377,
                "width": 41.73913043478261,
                "left": 68.40579710144928,
                "top": 25.217391304347828
            },
            "points": [
                {
                    "x": 68.40579710144928,
                    "y": 25.217391304347828
                },
                {
                    "x": 110.14492753623189,
                    "y": 25.217391304347828
                },
                {
                    "x": 110.14492753623189,
                    "y": 65.5072463768116
                },
                {
                    "x": 68.40579710144928,
                    "y": 65.5072463768116
                }
            ]
        }
    ],
    "version": "2.2.0"
}