{
    "asset": {
        "format": "jpg",
        "id": "e85ba1a51a874efbc300611191f7c201",
        "name": "ok_66_result_jy_HK_1611712318.537795.jpg",
        "path": "file:D:/-----------------------------Python/-0-0-Spider/0-0-0-0---%E7%88%AC%E8%99%AB-%E8%BF%9B%E9%98%B6/%E9%AA%8C%E8%AF%81%E7%A0%81/jy-slide/JY-slide-pic/ok_66_result_jy_HK_1611712318.537795.jpg",
        "size": {
            "width": 260,
            "height": 160
        },
        "state": 2,
        "type": 1
    },
    "regions": [
        {
            "id": "CicYPblIY",
            "type": "RECTANGLE",
            "tags": [
                "target"
            ],
            "boundingBox": {
                "height": 48.98550724637681,
                "width": 41.15942028985507,
                "left": 78.55072463768116,
                "top": 13.913043478260871
            },
            "points": [
                {
                    "x": 78.55072463768116,
                    "y": 13.913043478260871
                },
                {
                    "x": 119.71014492753623,
                    "y": 13.913043478260871
                },
                {
                    "x": 119.71014492753623,
                    "y": 62.89855072463769
                },
                {
                    "x": 78.55072463768116,
                    "y": 62.89855072463769
                }
            ]
        }
    ],
    "version": "2.2.0"
}