{
    "asset": {
        "format": "jpg",
        "id": "e945b6b8846bad755871356e062a639e",
        "name": "ok_25_result_jy_HK_1611712088.7580924.jpg",
        "path": "file:D:/-----------------------------Python/-0-0-Spider/0-0-0-0---%E7%88%AC%E8%99%AB-%E8%BF%9B%E9%98%B6/%E9%AA%8C%E8%AF%81%E7%A0%81/jy-slide/JY-slide-pic/ok_25_result_jy_HK_1611712088.7580924.jpg",
        "size": {
            "width": 260,
            "height": 160
        },
        "state": 2,
        "type": 1
    },
    "regions": [
        {
            "id": "UYgP2wLJk",
            "type": "RECTANGLE",
            "tags": [
                "target"
            ],
            "boundingBox": {
                "height": 40.28985507246377,
                "width": 41.44927536231884,
                "left": 169.56521739130434,
                "top": 61.44927536231884
            },
            "points": [
                {
                    "x": 169.56521739130434,
                    "y": 61.44927536231884
                },
                {
                    "x": 211.0144927536232,
                    "y": 61.44927536231884
                },
                {
                    "x": 211.0144927536232,
                    "y": 101.73913043478261
                },
                {
                    "x": 169.56521739130434,
                    "y": 101.73913043478261
                }
            ]
        }
    ],
    "version": "2.2.0"
}