{
    "asset": {
        "format": "jpg",
        "id": "e9635d4e4775a17bc6c8198aaf3c8116",
        "name": "ok_42_result_jy_HK_1611712179.9709713.jpg",
        "path": "file:D:/-----------------------------Python/-0-0-Spider/0-0-0-0---%E7%88%AC%E8%99%AB-%E8%BF%9B%E9%98%B6/%E9%AA%8C%E8%AF%81%E7%A0%81/jy-slide/JY-slide-pic/ok_42_result_jy_HK_1611712179.9709713.jpg",
        "size": {
            "width": 260,
            "height": 160
        },
        "state": 2,
        "type": 1
    },
    "regions": [
        {
            "id": "jFTxYboLx",
            "type": "RECTANGLE",
            "tags": [
                "target"
            ],
            "boundingBox": {
                "height": 39.42028985507247,
                "width": 50.14492753623188,
                "left": 175.6521739130435,
                "top": 46.66666666666667
            },
            "points": [
                {
                    "x": 175.6521739130435,
                    "y": 46.66666666666667
                },
                {
                    "x": 225.79710144927537,
                    "y": 46.66666666666667
                },
                {
                    "x": 225.79710144927537,
                    "y": 86.08695652173914
                },
                {
                    "x": 175.6521739130435,
                    "y": 86.08695652173914
                }
            ]
        }
    ],
    "version": "2.2.0"
}