{
    "asset": {
        "format": "jpg",
        "id": "ec6d9722711c322887cc6e0cf4728a86",
        "name": "ok_21_result_jy_HK_1611712071.8143206.jpg",
        "path": "file:D:/-----------------------------Python/-0-0-Spider/0-0-0-0---%E7%88%AC%E8%99%AB-%E8%BF%9B%E9%98%B6/%E9%AA%8C%E8%AF%81%E7%A0%81/jy-slide/JY-slide-pic/ok_21_result_jy_HK_1611712071.8143206.jpg",
        "size": {
            "width": 260,
            "height": 160
        },
        "state": 2,
        "type": 1
    },
    "regions": [
        {
            "id": "hvxc2GK62",
            "type": "RECTANGLE",
            "tags": [
                "target"
            ],
            "boundingBox": {
                "height": 45.79710144927537,
                "width": 48.11594202898551,
                "left": 122.60869565217392,
                "top": 48.98550724637681
            },
            "points": [
                {
                    "x": 122.60869565217392,
                    "y": 48.98550724637681
                },
                {
                    "x": 170.72463768115944,
                    "y": 48.98550724637681
                },
                {
                    "x": 170.72463768115944,
                    "y": 94.78260869565217
                },
                {
                    "x": 122.60869565217392,
                    "y": 94.78260869565217
                }
            ]
        }
    ],
    "version": "2.2.0"
}