{
    "asset": {
        "format": "jpg",
        "id": "f15c83a791eec075c6e1a426d3117386",
        "name": "ok_130_result_jy_HK_1611712663.7372231.jpg",
        "path": "file:D:/-----------------------------Python/-0-0-Spider/0-0-0-0---%E7%88%AC%E8%99%AB-%E8%BF%9B%E9%98%B6/%E9%AA%8C%E8%AF%81%E7%A0%81/jy-slide/JY-slide-pic/ok_130_result_jy_HK_1611712663.7372231.jpg",
        "size": {
            "width": 260,
            "height": 160
        },
        "state": 2,
        "type": 1
    },
    "regions": [
        {
            "id": "L6JX_u2O3",
            "type": "RECTANGLE",
            "tags": [
                "target"
            ],
            "boundingBox": {
                "height": 39.130434782608695,
                "width": 46.95652173913044,
                "left": 98.84057971014494,
                "top": 49.56521739130435
            },
            "points": [
                {
                    "x": 98.84057971014494,
                    "y": 49.56521739130435
                },
                {
                    "x": 145.79710144927537,
                    "y": 49.56521739130435
                },
                {
                    "x": 145.79710144927537,
                    "y": 88.69565217391305
                },
                {
                    "x": 98.84057971014494,
                    "y": 88.69565217391305
                }
            ]
        }
    ],
    "version": "2.2.0"
}