{
    "asset": {
        "format": "jpg",
        "id": "f3d7ae6137c443d73261065692e040b6",
        "name": "ok_80_result_jy_HK_1611712395.6840792.jpg",
        "path": "file:D:/-----------------------------Python/-0-0-Spider/0-0-0-0---%E7%88%AC%E8%99%AB-%E8%BF%9B%E9%98%B6/%E9%AA%8C%E8%AF%81%E7%A0%81/jy-slide/JY-slide-pic/ok_80_result_jy_HK_1611712395.6840792.jpg",
        "size": {
            "width": 260,
            "height": 160
        },
        "state": 2,
        "type": 1
    },
    "regions": [
        {
            "id": "h5SHec2dW",
            "type": "RECTANGLE",
            "tags": [
                "target"
            ],
            "boundingBox": {
                "height": 44.63768115942029,
                "width": 41.44927536231884,
                "left": 127.82608695652175,
                "top": 31.594202898550726
            },
            "points": [
                {
                    "x": 127.82608695652175,
                    "y": 31.594202898550726
                },
                {
                    "x": 169.2753623188406,
                    "y": 31.594202898550726
                },
                {
                    "x": 169.2753623188406,
                    "y": 76.23188405797102
                },
                {
                    "x": 127.82608695652175,
                    "y": 76.23188405797102
                }
            ]
        }
    ],
    "version": "2.2.0"
}