{
    "asset": {
        "format": "jpg",
        "id": "f4688ac700359ad49d5c2ecd11af0d6e",
        "name": "ok_5_result_jy_HK_1611711986.9991887.jpg",
        "path": "file:D:/-----------------------------Python/-0-0-Spider/0-0-0-0---%E7%88%AC%E8%99%AB-%E8%BF%9B%E9%98%B6/%E9%AA%8C%E8%AF%81%E7%A0%81/jy-slide/JY-slide-pic/ok_5_result_jy_HK_1611711986.9991887.jpg",
        "size": {
            "width": 260,
            "height": 160
        },
        "state": 2,
        "type": 1
    },
    "regions": [
        {
            "id": "XTFeThJB6",
            "type": "RECTANGLE",
            "tags": [
                "target"
            ],
            "boundingBox": {
                "height": 44.92753623188406,
                "width": 49.85507246376812,
                "left": 82.60869565217392,
                "top": 76.23188405797102
            },
            "points": [
                {
                    "x": 82.60869565217392,
                    "y": 76.23188405797102
                },
                {
                    "x": 132.46376811594203,
                    "y": 76.23188405797102
                },
                {
                    "x": 132.46376811594203,
                    "y": 121.15942028985508
                },
                {
                    "x": 82.60869565217392,
                    "y": 121.15942028985508
                }
            ]
        }
    ],
    "version": "2.2.0"
}