{
    "asset": {
        "format": "jpg",
        "id": "f4947b9574629219e62e33757648b2a0",
        "name": "ok_17_result_jy_HK_1611712055.3067124.jpg",
        "path": "file:D:/-----------------------------Python/-0-0-Spider/0-0-0-0---%E7%88%AC%E8%99%AB-%E8%BF%9B%E9%98%B6/%E9%AA%8C%E8%AF%81%E7%A0%81/jy-slide/JY-slide-pic/ok_17_result_jy_HK_1611712055.3067124.jpg",
        "size": {
            "width": 260,
            "height": 160
        },
        "state": 2,
        "type": 1
    },
    "regions": [
        {
            "id": "6u-Ftc4h_",
            "type": "RECTANGLE",
            "tags": [
                "target"
            ],
            "boundingBox": {
                "height": 40,
                "width": 50.14492753623188,
                "left": 109.56521739130436,
                "top": 59.42028985507247
            },
            "points": [
                {
                    "x": 109.56521739130436,
                    "y": 59.42028985507247
                },
                {
                    "x": 159.71014492753625,
                    "y": 59.42028985507247
                },
                {
                    "x": 159.71014492753625,
                    "y": 99.42028985507247
                },
                {
                    "x": 109.56521739130436,
                    "y": 99.42028985507247
                }
            ]
        }
    ],
    "version": "2.2.0"
}