{
    "asset": {
        "format": "jpg",
        "id": "f6fcf521c4d8e63e5010a3d8a74efd58",
        "name": "ok_81_result_jy_HK_1611712399.715721.jpg",
        "path": "file:D:/-----------------------------Python/-0-0-Spider/0-0-0-0---%E7%88%AC%E8%99%AB-%E8%BF%9B%E9%98%B6/%E9%AA%8C%E8%AF%81%E7%A0%81/jy-slide/JY-slide-pic/ok_81_result_jy_HK_1611712399.715721.jpg",
        "size": {
            "width": 260,
            "height": 160
        },
        "state": 2,
        "type": 1
    },
    "regions": [
        {
            "id": "LQ7Eypsij",
            "type": "RECTANGLE",
            "tags": [
                "target"
            ],
            "boundingBox": {
                "height": 48.69565217391305,
                "width": 39.42028985507247,
                "left": 60.869565217391305,
                "top": 35.94202898550725
            },
            "points": [
                {
                    "x": 60.869565217391305,
                    "y": 35.94202898550725
                },
                {
                    "x": 100.28985507246377,
                    "y": 35.94202898550725
                },
                {
                    "x": 100.28985507246377,
                    "y": 84.6376811594203
                },
                {
                    "x": 60.869565217391305,
                    "y": 84.6376811594203
                }
            ]
        }
    ],
    "version": "2.2.0"
}