{
    "asset": {
        "format": "jpg",
        "id": "f8d454f655a0ae21191f90333522e7f4",
        "name": "ok_24_result_jy_HK_1611712084.3222272.jpg",
        "path": "file:D:/-----------------------------Python/-0-0-Spider/0-0-0-0---%E7%88%AC%E8%99%AB-%E8%BF%9B%E9%98%B6/%E9%AA%8C%E8%AF%81%E7%A0%81/jy-slide/JY-slide-pic/ok_24_result_jy_HK_1611712084.3222272.jpg",
        "size": {
            "width": 260,
            "height": 160
        },
        "state": 2,
        "type": 1
    },
    "regions": [
        {
            "id": "AHMpYx1sc",
            "type": "RECTANGLE",
            "tags": [
                "target"
            ],
            "boundingBox": {
                "height": 39.710144927536234,
                "width": 43.47826086956522,
                "left": 82.31884057971014,
                "top": 57.391304347826086
            },
            "points": [
                {
                    "x": 82.31884057971014,
                    "y": 57.391304347826086
                },
                {
                    "x": 125.79710144927537,
                    "y": 57.391304347826086
                },
                {
                    "x": 125.79710144927537,
                    "y": 97.10144927536233
                },
                {
                    "x": 82.31884057971014,
                    "y": 97.10144927536233
                }
            ]
        }
    ],
    "version": "2.2.0"
}