{
    "asset": {
        "format": "jpg",
        "id": "faaaf9d455377558778ae99da6e41451",
        "name": "ok_4_result_jy_HK_1611711748.8385515.jpg",
        "path": "file:D:/-----------------------------Python/-0-0-Spider/0-0-0-0---%E7%88%AC%E8%99%AB-%E8%BF%9B%E9%98%B6/%E9%AA%8C%E8%AF%81%E7%A0%81/jy-slide/JY-slide-pic/ok_4_result_jy_HK_1611711748.8385515.jpg",
        "size": {
            "width": 260,
            "height": 160
        },
        "state": 2,
        "type": 1
    },
    "regions": [
        {
            "id": "e3ItFeZOt",
            "type": "RECTANGLE",
            "tags": [
                "target"
            ],
            "boundingBox": {
                "height": 44.05797101449276,
                "width": 42.028985507246375,
                "left": 144.63768115942028,
                "top": 69.56521739130434
            },
            "points": [
                {
                    "x": 144.63768115942028,
                    "y": 69.56521739130434
                },
                {
                    "x": 186.66666666666669,
                    "y": 69.56521739130434
                },
                {
                    "x": 186.66666666666669,
                    "y": 113.62318840579711
                },
                {
                    "x": 144.63768115942028,
                    "y": 113.62318840579711
                }
            ]
        }
    ],
    "version": "2.2.0"
}