{
    "asset": {
        "format": "jpg",
        "id": "fb169dd6820d868e43c142d1f11ae760",
        "name": "ok_6_result_jy_HK_1611711755.993202.jpg",
        "path": "file:D:/-----------------------------Python/-0-0-Spider/0-0-0-0---%E7%88%AC%E8%99%AB-%E8%BF%9B%E9%98%B6/%E9%AA%8C%E8%AF%81%E7%A0%81/jy-slide/JY-slide-pic/ok_6_result_jy_HK_1611711755.993202.jpg",
        "size": {
            "width": 260,
            "height": 160
        },
        "state": 2,
        "type": 1
    },
    "regions": [
        {
            "id": "xkDgd8SW2",
            "type": "RECTANGLE",
            "tags": [
                "target"
            ],
            "boundingBox": {
                "height": 44.05797101449276,
                "width": 40.869565217391305,
                "left": 148.40579710144928,
                "top": 72.7536231884058
            },
            "points": [
                {
                    "x": 148.40579710144928,
                    "y": 72.7536231884058
                },
                {
                    "x": 189.2753623188406,
                    "y": 72.7536231884058
                },
                {
                    "x": 189.2753623188406,
                    "y": 116.81159420289856
                },
                {
                    "x": 148.40579710144928,
                    "y": 116.81159420289856
                }
            ]
        }
    ],
    "version": "2.2.0"
}