{
    "asset": {
        "format": "jpg",
        "id": "fdf7c525e0f080ad9eeb5760f2e20f0f",
        "name": "ok_120_result_jy_HK_1611712601.823611.jpg",
        "path": "file:D:/-----------------------------Python/-0-0-Spider/0-0-0-0---%E7%88%AC%E8%99%AB-%E8%BF%9B%E9%98%B6/%E9%AA%8C%E8%AF%81%E7%A0%81/jy-slide/JY-slide-pic/ok_120_result_jy_HK_1611712601.823611.jpg",
        "size": {
            "width": 260,
            "height": 160
        },
        "state": 2,
        "type": 1
    },
    "regions": [
        {
            "id": "mseGCqDB1",
            "type": "RECTANGLE",
            "tags": [
                "target"
            ],
            "boundingBox": {
                "height": 39.130434782608695,
                "width": 42.028985507246375,
                "left": 123.47826086956522,
                "top": 62.89855072463769
            },
            "points": [
                {
                    "x": 123.47826086956522,
                    "y": 62.89855072463769
                },
                {
                    "x": 165.5072463768116,
                    "y": 62.89855072463769
                },
                {
                    "x": 165.5072463768116,
                    "y": 102.02898550724638
                },
                {
                    "x": 123.47826086956522,
                    "y": 102.02898550724638
                }
            ]
        }
    ],
    "version": "2.2.0"
}