{
    "asset": {
        "format": "jpg",
        "id": "fe2ca9e2218d078ee6082a687dbf2a62",
        "name": "ok_114_result_jy_HK_1611712577.4557266.jpg",
        "path": "file:D:/-----------------------------Python/-0-0-Spider/0-0-0-0---%E7%88%AC%E8%99%AB-%E8%BF%9B%E9%98%B6/%E9%AA%8C%E8%AF%81%E7%A0%81/jy-slide/JY-slide-pic/ok_114_result_jy_HK_1611712577.4557266.jpg",
        "size": {
            "width": 260,
            "height": 160
        },
        "state": 2,
        "type": 1
    },
    "regions": [
        {
            "id": "ZbhNJPYQk",
            "type": "RECTANGLE",
            "tags": [
                "target"
            ],
            "boundingBox": {
                "height": 46.08695652173913,
                "width": 47.536231884057976,
                "left": 156.23188405797103,
                "top": 31.884057971014492
            },
            "points": [
                {
                    "x": 156.23188405797103,
                    "y": 31.884057971014492
                },
                {
                    "x": 203.768115942029,
                    "y": 31.884057971014492
                },
                {
                    "x": 203.768115942029,
                    "y": 77.97101449275362
                },
                {
                    "x": 156.23188405797103,
                    "y": 77.97101449275362
                }
            ]
        }
    ],
    "version": "2.2.0"
}