{
    "asset": {
        "format": "jpg",
        "id": "fff88bea7ea7b418146ea966bb548572",
        "name": "ok_7_result_jy_HK_1611711759.5670998.jpg",
        "path": "file:D:/-----------------------------Python/-0-0-Spider/0-0-0-0---%E7%88%AC%E8%99%AB-%E8%BF%9B%E9%98%B6/%E9%AA%8C%E8%AF%81%E7%A0%81/jy-slide/JY-slide-pic/ok_7_result_jy_HK_1611711759.5670998.jpg",
        "size": {
            "width": 260,
            "height": 160
        },
        "state": 2,
        "type": 1
    },
    "regions": [
        {
            "id": "KRfmD5AV8",
            "type": "RECTANGLE",
            "tags": [
                "target"
            ],
            "boundingBox": {
                "height": 46.08695652173913,
                "width": 41.73913043478261,
                "left": 100.57971014492755,
                "top": 32.46376811594203
            },
            "points": [
                {
                    "x": 100.57971014492755,
                    "y": 32.46376811594203
                },
                {
                    "x": 142.31884057971016,
                    "y": 32.46376811594203
                },
                {
                    "x": 142.31884057971016,
                    "y": 78.55072463768116
                },
                {
                    "x": 100.57971014492755,
                    "y": 78.55072463768116
                }
            ]
        }
    ],
    "version": "2.2.0"
}